2,3,1,0.000000
2,3,1,0.000000
3,4,2,0.693147
3,4,2,1.098612
5,9,2,0.693147
5,9,2,1.098612
7,73,2,0.693147
11,74,2,0.693147
1,75,2,0.693147
2,76,2,0.693147
19,77,2,0.693147
19,26,2,1.098612
2,13,2,0.891998
2,13,2,1.197552
20,73,2,1.098612
18,75,2,1.098612
11,74,2,1.098612
21,78,2,0.693147
12,79,2,0.693147
17,79,2,1.098612
22,59,2,0.693147
23,28,2,0.693147
24,80,2,0.693147
23,77,2,1.098612
2,80,2,1.441414
23,81,2,1.386294
21,78,2,1.098612
17,76,2,1.098612
16,34,2,0.693147
16,34,2,1.098612
16,34,2,1.386294
16,34,2,1.609438
16,34,2,1.791759
16,34,2,1.945910
16,34,2,2.079442
2,27,2,1.642043
14,27,2,1.098612
1,76,2,1.386294
14,75,2,1.386294
16,44,2,2.197225
16,44,2,2.302585
16,44,2,2.397895
16,43,2,2.484907
25,27,2,1.386294
26,82,2,0.693147
1,82,2,1.386294
16,19,2,2.564949
16,19,2,2.639057
16,19,2,2.708050
16,19,2,2.772589
16,19,2,2.833213
16,19,2,2.890372
16,19,2,2.944439
16,19,2,2.995732
16,19,2,3.044522
16,19,2,3.091042
16,19,2,3.135494
16,19,2,3.178054
16,19,2,3.218876
16,19,2,3.258097
16,19,2,3.295837
16,19,2,3.332205
16,19,2,3.367296
16,19,2,3.401197
16,19,2,3.433987
16,19,2,3.465736
16,19,2,3.496508
16,19,2,3.526361
16,19,2,3.555348
16,19,2,3.583519
16,19,2,3.610918
16,19,2,3.637586
16,19,2,3.663562
16,19,2,3.688879
16,19,2,3.713572
16,19,2,3.737670
16,19,2,3.761200
16,19,2,3.784190
16,19,2,3.806662
16,19,2,3.828641
16,19,2,3.850148
16,19,2,3.871201
16,19,2,3.891820
16,19,2,3.912023
16,19,2,3.931826
16,19,2,3.951244
16,19,2,3.970292
27,18,2,0.693147
27,18,2,1.098612
27,18,2,1.386294
27,18,2,1.609438
27,18,2,1.791759
27,18,2,1.945910
27,18,2,2.079442
27,18,2,2.197225
27,18,2,2.302585
27,18,2,2.397895
27,18,2,2.484907
28,82,2,1.386294
29,76,2,1.609438
17,76,2,1.791759
25,27,2,1.609438
18,79,2,1.386294
28,76,2,1.945910
30,76,2,2.079442
5,13,2,1.386294
5,13,2,1.609438
5,78,2,1.791759
6,10,2,0.693147
27,18,2,2.564949
27,61,2,2.639057
27,61,2,2.708050
27,61,2,2.772589
27,61,2,2.833213
27,61,2,2.890372
27,61,2,2.944439
27,61,2,2.995732
27,61,2,3.044522
27,61,2,3.091042
27,61,2,3.135494
27,61,2,3.178054
27,61,2,3.218876
27,61,2,3.258097
27,61,2,3.295837
27,61,2,3.332205
27,61,2,3.367296
27,61,2,3.401197
27,61,2,3.433987
27,61,2,3.465736
27,61,2,3.496508
27,61,2,3.526361
27,61,2,3.555348
27,61,2,3.583519
27,61,2,3.610918
27,61,2,3.637586
27,61,2,3.663562
27,61,2,3.688879
27,61,2,3.713572
27,61,2,3.737670
27,61,2,3.761200
27,61,2,3.784190
27,61,2,3.806662
27,61,2,3.828641
2,3,2,1.811562
1,76,2,2.197225
8,79,2,1.609438
1,82,2,1.791759
1,76,2,2.302585
8,79,2,1.791759
16,19,2,3.988984
16,19,2,4.007333
16,19,2,4.025352
16,19,2,4.043051
16,19,2,4.060443
16,19,2,4.077537
16,19,2,4.094345
16,19,2,4.110874
16,19,2,4.127134
16,20,2,4.143135
16,20,2,4.158883
16,19,2,4.174387
16,20,2,4.189655
16,19,2,4.204693
16,20,2,4.219508
16,19,2,4.234107
16,19,2,4.248495
16,19,2,4.262680
16,19,2,4.276666
16,19,2,4.290459
16,19,2,4.304065
16,19,2,4.317488
16,19,2,4.330733
16,19,2,4.343805
16,20,2,4.356709
16,19,2,4.369448
16,19,2,4.382027
16,19,2,4.394449
16,19,2,4.406719
16,19,2,4.418841
16,20,2,4.430817
16,19,2,4.442651
16,19,2,4.454347
16,20,2,4.465908
16,19,2,4.477337
26,79,2,1.945910
26,83,2,1.386294
27,61,2,3.850148
27,61,2,3.871201
27,61,2,3.891820
27,61,2,3.912023
27,61,2,3.931826
27,61,2,3.951244
27,61,2,3.970292
27,61,2,3.988984
27,61,2,4.007333
27,61,2,4.025352
27,61,2,4.043051
27,61,2,4.060443
27,61,2,4.077537
16,84,2,4.488636
16,84,2,4.499810
16,84,2,4.510860
16,84,2,4.521789
16,84,2,4.532599
16,84,2,4.543295
16,84,2,4.553877
16,84,2,4.564348
16,84,2,4.574711
16,84,2,4.584967
16,84,2,4.595120
16,84,2,4.605170
16,84,2,4.615121
16,84,2,4.624973
16,84,2,4.634729
16,84,2,4.644391
16,84,2,4.653960
16,84,2,4.663439
16,84,2,4.672829
16,84,2,4.682131
16,84,2,4.691348
16,84,2,4.700480
16,84,2,4.709530
16,84,2,4.718499
16,84,2,4.727388
16,84,2,4.736198
16,84,2,4.744932
16,84,2,4.753590
16,83,2,4.762174
27,23,2,4.094345
27,23,2,4.110874
27,23,2,4.127134
27,23,2,4.143135
27,23,2,4.158883
27,23,2,4.174387
27,23,2,4.189655
27,23,2,4.204693
27,23,2,4.219508
27,23,2,4.234107
27,23,2,4.248495
27,23,2,4.262680
27,23,2,4.276666
27,23,2,4.290459
27,23,2,4.304065
27,23,2,4.317488
27,23,2,4.330733
27,23,2,4.343805
27,23,2,4.356709
27,23,2,4.369448
27,23,2,4.382027
27,23,2,4.394449
27,23,2,4.406719
27,23,2,4.418841
27,23,2,4.430817
27,23,2,4.442651
27,23,2,4.454347
27,23,2,4.465908
15,59,2,1.098612
16,2,2,4.770685
16,2,2,4.779123
16,1,2,4.787492
16,1,2,4.795791
16,1,2,4.804021
16,1,2,4.812184
16,1,2,4.820282
16,1,2,4.828314
16,1,2,4.836282
16,2,2,4.844187
16,1,2,4.852030
16,2,2,4.859812
16,1,2,4.867534
16,1,2,4.875197
16,1,2,4.882802
16,84,2,4.890349
16,84,2,4.897840
16,84,2,4.905275
16,84,2,4.912655
16,84,2,4.919981
16,84,2,4.927254
16,84,2,4.934474
16,84,2,4.941642
16,84,2,4.948760
16,84,2,4.955827
27,23,2,4.477337
27,23,2,4.488636
27,23,2,4.499810
27,23,2,4.510860
27,23,2,4.521789
27,23,2,4.532599
27,23,2,4.543295
27,23,2,4.553877
27,23,2,4.564348
27,23,2,4.574711
27,23,2,4.584967
27,23,2,4.595120
27,23,2,4.605170
27,23,2,4.615121
27,23,2,4.624973
27,23,2,4.634729
27,23,2,4.644391
30,82,2,1.791759
21,73,2,1.386294
21,85,2,1.609438
21,78,2,1.791759
21,86,2,1.945910
21,28,2,2.079442
24,27,2,1.791759
21,59,2,2.197225
21,26,2,2.302585
21,87,2,2.397895
21,88,2,2.484907
27,31,2,4.653960
21,74,2,2.564949
27,44,2,4.663439
27,44,2,4.672829
27,43,2,4.682131
5,78,2,1.945910
27,44,2,4.691348
27,21,2,4.700480
27,21,2,4.709530
27,21,2,4.718499
27,21,2,4.727388
27,21,2,4.736198
27,21,2,4.744932
21,77,2,2.639057
27,21,2,4.753590
27,21,2,4.762174
27,21,2,4.770685
27,21,2,4.779123
27,21,2,4.787492
27,21,2,4.795791
27,21,2,4.804021
27,21,2,4.812184
27,21,2,4.820282
27,21,2,4.828314
27,21,2,4.836282
27,21,2,4.844187
27,21,2,4.852030
27,21,2,4.859812
27,21,2,4.867534
21,89,2,2.708050
21,81,2,2.772589
16,90,2,4.962845
16,19,2,4.969813
16,20,2,4.976734
16,19,2,4.983607
16,19,2,4.990433
16,19,2,4.997212
16,19,2,5.003946
16,19,2,5.010635
16,19,2,5.017280
16,19,2,5.023881
16,20,2,5.030438
16,19,2,5.036953
16,20,2,5.043425
16,19,2,5.049856
16,20,2,5.056246
16,19,2,5.062595
16,19,2,5.068904
16,19,2,5.075174
16,19,2,5.081404
16,20,2,5.087596
16,19,2,5.093750
16,19,2,5.099866
16,19,2,5.105945
16,19,2,5.111988
16,20,2,5.117994
16,19,2,5.123964
16,19,2,5.129899
16,19,2,5.135798
16,19,2,5.141664
16,19,2,5.147494
16,19,2,5.153292
16,19,2,5.159055
16,19,2,5.164786
16,19,2,5.170484
16,19,2,5.176150
16,20,2,5.181784
27,31,2,4.875197
16,91,2,5.187386
16,91,2,5.192957
16,91,2,5.198497
16,91,2,5.204007
16,91,2,5.209486
16,91,2,5.214936
16,91,2,5.220356
16,84,2,5.225747
16,84,2,5.231109
16,84,2,5.236442
16,84,2,5.241747
16,84,2,5.247024
16,84,2,5.252273
16,84,2,5.257495
16,84,2,5.262690
16,84,2,5.267858
16,84,2,5.273000
16,84,2,5.278115
16,84,2,5.283204
16,84,2,5.288267
16,84,2,5.293305
16,84,2,5.298317
16,84,2,5.303305
16,84,2,5.308268
16,92,2,5.313206
16,84,2,5.318120
16,84,2,5.323010
16,84,2,5.327876
16,84,2,5.332719
16,84,2,5.337538
16,84,2,5.342334
16,84,2,5.347108
16,84,2,5.351858
16,84,2,5.356586
16,84,2,5.361292
16,84,2,5.365976
16,84,2,5.370638
16,84,2,5.375278
16,84,2,5.379897
16,84,2,5.384495
16,84,2,5.389072
16,84,2,5.393628
16,84,2,5.398163
16,84,2,5.402677
16,84,2,5.407172
16,84,2,5.411646
16,84,2,5.416100
16,84,2,5.420535
16,84,2,5.424950
16,91,2,5.429346
16,84,2,5.433722
16,84,2,5.438079
16,84,2,5.442418
16,84,2,5.446737
16,84,2,5.451038
16,84,2,5.455321
16,84,2,5.459586
16,84,2,5.463832
16,84,2,5.468060
16,84,2,5.472271
27,93,2,4.882802
2,13,2,1.957901
27,93,2,4.890349
27,93,2,4.897840
27,93,2,4.905275
27,93,2,4.912655
27,93,2,4.919981
27,93,2,4.927254
27,93,2,4.934474
27,93,2,4.941642
27,93,2,4.948760
27,93,2,4.955827
27,93,2,4.962845
27,93,2,4.969813
27,93,2,4.976734
8,94,2,1.386294
26,94,2,1.609438
18,76,2,2.397895
12,79,2,2.079442
30,94,2,1.386294
26,8,2,1.791759
27,93,2,4.983607
27,93,2,4.990433
27,93,2,4.997212
27,93,2,5.003946
8,41,2,1.609438
8,41,2,1.791759
8,41,2,1.945910
8,41,2,2.079442
8,41,2,2.197225
8,41,2,2.302585
8,41,2,2.397895
8,41,2,2.484907
16,84,2,5.476464
8,41,2,2.564949
8,41,2,2.639057
8,41,2,2.708050
8,41,2,2.772589
8,41,2,2.833213
8,41,2,2.890372
8,41,2,2.944439
8,41,2,2.995732
8,41,2,3.044522
8,41,2,3.091042
16,84,2,5.480639
16,84,2,5.484797
16,84,2,5.488938
8,41,2,3.135494
16,84,2,5.493061
16,84,2,5.497168
16,84,2,5.501258
16,84,2,5.505332
16,84,2,5.509388
16,84,2,5.513429
8,8,2,3.178054
31,21,2,3.135494
31,21,2,3.178054
31,21,2,3.218876
31,21,2,3.258097
31,21,2,3.295837
31,21,2,3.332205
31,21,2,3.367296
31,21,2,3.401197
31,21,2,3.433987
31,21,2,3.465736
31,21,2,3.496508
31,21,2,3.526361
31,21,2,3.555348
31,21,2,3.583519
31,21,2,3.610918
31,21,2,3.637586
31,21,2,3.663562
31,21,2,3.688879
31,21,2,3.713572
31,21,2,3.737670
31,21,2,3.761200
8,41,2,3.218876
8,95,2,3.258097
8,96,2,3.295837
8,95,2,3.332205
8,41,2,3.367296
8,41,2,3.401197
8,41,2,3.433987
8,41,2,3.465736
8,41,2,3.496508
8,41,2,3.526361
8,41,2,3.555348
8,41,2,3.583519
8,41,2,3.610918
8,41,2,3.637586
8,41,2,3.663562
8,41,2,3.688879
8,41,2,3.713572
8,41,2,3.737670
8,41,2,3.761200
8,41,2,3.784190
8,41,2,3.806662
8,95,2,3.828641
8,41,2,3.850148
8,41,2,3.871201
8,41,2,3.891820
8,41,2,3.912023
8,41,2,3.931826
8,41,2,3.951244
8,41,2,3.970292
8,41,2,3.988984
8,41,2,4.007333
8,41,2,4.025352
8,41,2,4.043051
6,10,2,1.098612
18,76,2,2.484907
29,76,2,2.564949
20,28,2,1.386294
16,91,2,5.517453
16,91,2,5.521461
16,91,2,5.525453
16,91,2,5.529429
16,91,2,5.533389
16,91,2,5.537334
16,91,2,5.541264
5,9,2,2.079442
20,86,2,1.386294
20,73,2,1.609438
2,82,2,2.086417
20,28,2,1.791759
24,82,2,2.079442
20,59,2,1.945910
20,26,2,2.079442
20,87,2,2.197225
27,93,2,5.010635
20,88,2,2.302585
27,93,2,5.017280
27,93,2,5.023881
27,93,2,5.030438
20,74,2,2.397895
20,77,2,2.484907
20,89,2,2.564949
20,81,2,2.639057
8,41,2,4.060443
8,95,2,4.077537
31,21,2,3.784190
31,54,2,3.178054
31,65,2,3.218876
31,12,2,3.258097
31,54,2,3.295837
31,54,2,3.332205
31,54,2,3.367296
31,65,2,3.401197
31,54,2,3.433987
31,65,2,3.465736
31,54,2,3.496508
31,54,2,3.526361
27,97,2,5.036953
27,97,2,5.043425
27,97,2,5.049856
27,97,2,5.056246
27,97,2,5.062595
27,97,2,5.068904
27,97,2,5.075174
27,97,2,5.081404
27,97,2,5.087596
27,97,2,5.093750
27,97,2,5.099866
27,97,2,5.105945
27,97,2,5.111988
27,97,2,5.117994
27,97,2,5.123964
27,97,2,5.129899
27,97,2,5.135798
27,97,2,5.141664
27,97,2,5.147494
16,91,2,5.545177
16,84,2,5.549076
16,84,2,5.552960
16,84,2,5.556828
16,84,2,5.560682
16,84,2,5.564520
16,84,2,5.568345
16,84,2,5.572154
16,84,2,5.575949
16,84,2,5.579730
16,84,2,5.583496
16,84,2,5.587249
16,84,2,5.590987
16,84,2,5.594711
16,84,2,5.598422
16,84,2,5.602119
16,84,2,5.605802
16,84,2,5.609472
16,84,2,5.613128
26,76,2,2.639057
16,84,2,5.616771
26,8,2,2.079442
31,41,2,3.931826
31,41,2,3.951244
31,41,2,3.970292
31,41,2,3.988984
31,41,2,4.007333
31,41,2,4.025352
31,41,2,4.043051
31,41,2,4.060443
31,41,2,4.077537
31,41,2,4.094345
31,41,2,4.110874
31,41,2,4.127134
31,41,2,4.143135
31,41,2,4.158883
31,41,2,4.174387
31,41,2,4.189655
31,41,2,4.204693
31,41,2,4.219508
31,41,2,4.234107
27,98,2,5.153292
27,98,2,5.159055
27,98,2,5.164786
27,98,2,5.170484
27,98,2,5.176150
27,98,2,5.181784
27,98,2,5.187386
27,98,2,5.192957
27,98,2,5.198497
27,98,2,5.204007
27,98,2,5.209486
27,98,2,5.214936
27,98,2,5.220356
27,98,2,5.225747
27,98,2,5.231109
27,98,2,5.236442
27,98,2,5.241747
27,98,2,5.247024
27,98,2,5.252273
27,98,2,5.257495
27,98,2,5.262690
27,98,2,5.267858
27,98,2,5.273000
27,98,2,5.278115
31,41,2,4.248495
31,41,2,4.262680
31,41,2,4.276666
31,41,2,4.290459
31,41,2,4.304065
31,41,2,4.317488
31,41,2,4.330733
31,41,2,4.343805
31,41,2,4.356709
31,41,2,4.369448
31,41,2,4.382027
31,41,2,4.394449
20,78,2,2.708050
31,41,2,4.406719
31,2,2,4.204693
31,2,2,4.219508
31,1,2,4.234107
31,2,2,4.248495
31,1,2,4.262680
31,1,2,4.276666
31,1,2,4.290459
31,1,2,4.304065
31,1,2,4.317488
31,1,2,4.330733
31,2,2,4.343805
31,1,2,4.356709
31,1,2,4.369448
31,1,2,4.382027
31,1,2,4.394449
5,78,2,2.197225
8,41,2,4.418841
8,41,2,4.430817
8,41,2,4.442651
8,41,2,4.454347
8,41,2,4.465908
8,41,2,4.477337
8,41,2,4.488636
8,41,2,4.499810
8,41,2,4.510860
8,41,2,4.521789
8,41,2,4.532599
8,41,2,4.543295
8,41,2,4.553877
8,41,2,4.564348
8,41,2,4.574711
8,41,2,4.584967
8,41,2,4.595120
8,41,2,4.605170
8,41,2,4.615121
8,41,2,4.624973
8,41,2,4.634729
8,41,2,4.644391
8,41,2,4.653960
8,41,2,4.663439
8,41,2,4.672829
8,41,2,4.682131
8,41,2,4.691348
8,41,2,4.700480
20,78,2,2.772589
8,41,2,4.709530
8,41,2,4.718499
8,41,2,4.727388
8,41,2,4.736198
8,41,2,4.744932
8,41,2,4.753590
8,41,2,4.762174
8,41,2,4.770685
8,41,2,4.779123
8,41,2,4.787492
8,41,2,4.795791
8,41,2,4.804021
8,41,2,4.812184
8,41,2,4.820282
8,41,2,4.828314
8,41,2,4.836282
8,41,2,4.844187
8,41,2,4.852030
8,41,2,4.859812
8,41,2,4.867534
8,41,2,4.875197
8,41,2,4.882802
8,41,2,4.890349
8,41,2,4.897840
8,41,2,4.905275
8,41,2,4.912655
8,41,2,4.919981
8,41,2,4.927254
8,41,2,4.934474
8,41,2,4.941642
8,41,2,4.948760
8,41,2,4.955827
8,41,2,4.962845
8,41,2,4.969813
8,41,2,4.976734
8,41,2,4.983607
8,41,2,4.990433
8,41,2,4.997212
8,41,2,5.003946
8,41,2,5.010635
8,41,2,5.017280
8,41,2,5.023881
8,41,2,5.030438
8,41,2,5.036953
8,41,2,5.043425
8,41,2,5.049856
5,78,2,2.302585
8,41,2,5.056246
8,95,2,4.905275
16,99,2,5.620401
16,99,2,5.624018
16,99,2,5.627621
16,99,2,5.631212
16,99,2,5.634790
16,99,2,5.638355
16,99,2,5.641907
16,99,2,5.645447
16,99,2,5.648974
16,99,2,5.652489
16,99,2,5.655992
16,99,2,5.659482
16,100,2,5.662960
16,99,2,5.666427
16,99,2,5.669881
16,18,2,5.673323
16,18,2,5.676754
16,18,2,5.680173
16,18,2,5.683580
16,18,2,5.686975
16,18,2,5.690359
16,18,2,5.693732
16,18,2,5.697093
16,18,2,5.700444
16,18,2,5.703782
16,18,2,5.707110
5,78,2,2.397895
16,99,2,5.710427
16,99,2,5.713733
16,99,2,5.717028
16,99,2,5.720312
16,99,2,5.723585
16,99,2,5.726848
16,99,2,5.730100
16,18,2,5.733341
16,101,2,5.736572
16,102,2,5.739793
16,102,2,5.743003
16,102,2,5.746203
16,102,2,5.749393
16,103,2,5.752573
16,102,2,5.755742
16,102,2,5.758902
16,102,2,5.762051
16,102,2,5.765191
16,102,2,5.768321
16,102,2,5.771441
16,102,2,5.774552
16,102,2,5.777652
16,102,2,5.780744
27,98,2,5.283204
27,98,2,5.288267
27,98,2,5.293305
27,98,2,5.298317
27,98,2,5.303305
27,98,2,5.308268
27,98,2,5.313206
27,98,2,5.318120
27,98,2,5.323010
27,98,2,5.327876
27,98,2,5.332719
18,94,2,1.791759
16,18,2,5.783825
31,1,2,4.406719
31,1,2,4.418841
31,1,2,4.430817
31,1,2,4.442651
31,2,2,4.454347
31,1,2,4.465908
31,1,2,4.477337
31,1,2,4.488636
31,1,2,4.499810
31,1,2,4.510860
31,1,2,4.521789
31,1,2,4.532599
31,1,2,4.543295
5,78,2,2.484907
8,41,2,5.062595
8,41,2,5.068904
8,41,2,5.075174
8,41,2,5.081404
8,41,2,5.087596
8,41,2,5.093750
8,41,2,5.099866
8,41,2,5.105945
8,41,2,5.111988
8,41,2,5.117994
8,41,2,5.123964
8,41,2,5.129899
8,41,2,5.135798
8,41,2,5.141664
8,41,2,5.147494
8,41,2,5.153292
8,41,2,5.159055
8,41,2,5.164786
8,41,2,5.170484
8,41,2,5.176150
8,41,2,5.181784
8,41,2,5.187386
8,41,2,5.192957
8,41,2,5.198497
8,41,2,5.204007
8,41,2,5.209486
5,78,2,2.564949
31,1,2,4.553877
31,1,2,4.564348
31,2,2,4.574711
31,2,2,4.584967
31,1,2,4.595120
31,1,2,4.605170
31,1,2,4.615121
31,1,2,4.624973
31,1,2,4.634729
31,1,2,4.644391
31,1,2,4.653960
31,104,2,4.663439
31,104,2,4.672829
31,7,2,4.682131
8,41,2,5.214936
8,41,2,5.220356
8,41,2,5.225747
8,41,2,5.231109
8,41,2,5.236442
8,41,2,5.241747
8,41,2,5.247024
8,41,2,5.252273
8,41,2,5.257495
8,41,2,5.262690
8,41,2,5.267858
8,41,2,5.273000
8,41,2,5.278115
8,41,2,5.283204
8,41,2,5.288267
8,41,2,5.293305
8,41,2,5.298317
8,41,2,5.303305
8,41,2,5.308268
8,41,2,5.313206
8,41,2,5.318120
8,41,2,5.323010
8,41,2,5.327876
8,41,2,5.332719
8,41,2,5.337538
8,41,2,5.342334
8,41,2,5.347108
8,41,2,5.351858
8,41,2,5.356586
16,105,2,5.786897
16,105,2,5.789960
16,105,2,5.793014
16,105,2,5.796058
16,105,2,5.799093
16,105,2,5.802118
16,105,2,5.805135
16,105,2,5.808142
16,105,2,5.811141
16,105,2,5.814131
16,105,2,5.817111
16,105,2,5.820083
16,105,2,5.823046
16,105,2,5.826000
16,105,2,5.828946
16,105,2,5.831882
27,98,2,5.337538
27,98,2,5.342334
27,98,2,5.347108
27,98,2,5.351858
27,98,2,5.356586
27,98,2,5.361292
27,98,2,5.365976
27,98,2,5.370638
27,98,2,5.375278
27,98,2,5.379897
8,106,2,5.252273
8,106,2,5.257495
8,106,2,5.262690
8,106,2,5.267858
8,106,2,5.273000
8,106,2,5.278115
8,106,2,5.283204
8,106,2,5.288267
8,106,2,5.293305
8,106,2,5.298317
8,106,2,5.303305
8,106,2,5.308268
8,106,2,5.313206
8,106,2,5.318120
8,106,2,5.323010
8,106,2,5.327876
8,106,2,5.332719
8,106,2,5.337538
8,106,2,5.342334
8,106,2,5.347108
8,106,2,5.351858
8,106,2,5.356586
8,106,2,5.361292
8,106,2,5.365976
8,106,2,5.370638
8,106,2,5.375278
27,98,2,5.384495
27,98,2,5.389072
27,98,2,5.393628
27,98,2,5.398163
27,98,2,5.402677
27,98,2,5.407172
27,98,2,5.411646
27,98,2,5.416100
27,98,2,5.420535
27,98,2,5.424950
27,98,2,5.429346
27,98,2,5.433722
27,98,2,5.438079
27,98,2,5.442418
27,98,2,5.446737
27,98,2,5.451038
27,98,2,5.455321
27,98,2,5.459586
2,3,2,2.200854
31,2,2,4.691348
19,85,2,1.386294
19,73,2,1.791759
2,76,2,2.708050
16,18,2,5.834811
16,18,2,5.837730
16,18,2,5.840642
16,18,2,5.843544
16,18,2,5.846439
16,18,2,5.849325
16,18,2,5.852202
16,18,2,5.855072
19,78,2,2.639057
16,18,2,5.857933
16,18,2,5.860786
16,18,2,5.863631
19,59,2,1.945910
19,86,2,2.079442
19,88,2,2.197225
19,74,2,2.302585
19,89,2,2.397895
16,40,2,5.866468
16,40,2,5.869297
16,40,2,5.872118
16,40,2,5.874931
16,40,2,5.877736
16,40,2,5.880533
16,40,2,5.883322
16,40,2,5.886104
16,102,2,5.888878
16,103,2,5.891644
16,102,2,5.894403
16,102,2,5.897154
16,102,2,5.899897
16,102,2,5.902633
16,102,2,5.905362
16,102,2,5.908083
16,102,2,5.910797
16,102,2,5.913503
16,102,2,5.916202
16,102,2,5.918894
16,102,2,5.921578
16,102,2,5.924256
8,107,2,5.379897
8,108,2,5.384495
8,107,2,5.389072
8,107,2,5.393628
8,107,2,5.398163
8,107,2,5.402677
8,107,2,5.407172
8,107,2,5.411646
8,107,2,5.416100
8,107,2,5.420535
8,107,2,5.424950
8,107,2,5.429346
8,107,2,5.433722
8,107,2,5.438079
8,107,2,5.442418
8,107,2,5.446737
8,107,2,5.451038
8,107,2,5.455321
8,107,2,5.459586
8,107,2,5.463832
8,109,2,5.468060
8,107,2,5.472271
8,107,2,5.476464
8,107,2,5.480639
8,107,2,5.484797
8,107,2,5.488938
8,107,2,5.493061
8,107,2,5.497168
8,107,2,5.501258
8,110,2,5.505332
8,107,2,5.509388
8,107,2,5.513429
8,107,2,5.517453
8,107,2,5.521461
8,107,2,5.525453
8,107,2,5.529429
8,107,2,5.533389
8,107,2,5.537334
8,107,2,5.541264
8,108,2,5.545177
16,102,2,5.926926
16,102,2,5.929589
16,102,2,5.932245
19,81,2,2.484907
26,8,2,2.197225
19,88,2,2.564949
19,59,2,2.639057
16,40,2,5.934894
8,111,2,5.549076
8,111,2,5.552960
8,111,2,5.556828
8,111,2,5.560682
8,111,2,5.564520
8,111,2,5.568345
8,111,2,5.572154
8,107,2,5.575949
8,111,2,5.579730
8,111,2,5.583496
8,111,2,5.587249
8,111,2,5.590987
8,111,2,5.594711
8,111,2,5.598422
8,111,2,5.602119
8,111,2,5.605802
8,111,2,5.609472
8,111,2,5.613128
8,111,2,5.616771
16,112,2,5.937536
16,112,2,5.940171
16,112,2,5.942799
16,112,2,5.945421
16,112,2,5.948035
16,112,2,5.950643
16,112,2,5.953243
16,112,2,5.955837
16,112,2,5.958425
16,112,2,5.961005
16,112,2,5.963579
16,112,2,5.966147
16,112,2,5.968708
16,112,2,5.971262
16,112,2,5.973810
16,112,2,5.976351
16,112,2,5.978886
16,112,2,5.981414
16,112,2,5.983936
16,112,2,5.986452
16,112,2,5.988961
16,112,2,5.991465
16,112,2,5.993961
16,112,2,5.996452
16,112,2,5.998937
16,112,2,6.001415
16,112,2,6.003887
16,112,2,6.006353
16,112,2,6.008813
16,112,2,6.011267
8,107,2,5.620401
8,107,2,5.624018
8,107,2,5.627621
8,107,2,5.631212
8,107,2,5.634790
8,107,2,5.638355
8,107,2,5.641907
8,107,2,5.645447
8,108,2,5.648974
8,107,2,5.652489
8,107,2,5.655992
8,107,2,5.659482
8,107,2,5.662960
8,107,2,5.666427
8,107,2,5.669881
8,107,2,5.673323
8,107,2,5.676754
8,107,2,5.680173
8,107,2,5.683580
8,107,2,5.686975
8,107,2,5.690359
8,110,2,5.693732
8,107,2,5.697093
8,107,2,5.700444
8,107,2,5.703782
8,107,2,5.707110
8,107,2,5.710427
8,107,2,5.713733
8,107,2,5.717028
8,107,2,5.720312
8,107,2,5.723585
8,107,2,5.726848
8,109,2,5.730100
8,107,2,5.733341
8,108,2,5.736572
8,107,2,5.739793
8,107,2,5.743003
8,107,2,5.746203
8,107,2,5.749393
8,107,2,5.752573
8,2,2,5.755742
8,1,2,5.758902
8,2,2,5.762051
8,1,2,5.765191
8,1,2,5.768321
8,2,2,5.771441
8,1,2,5.774552
8,1,2,5.777652
8,1,2,5.780744
8,1,2,5.783825
8,1,2,5.786897
8,1,2,5.789960
8,1,2,5.793014
8,1,2,5.796058
8,2,2,5.799093
8,61,2,5.802118
8,61,2,5.805135
8,61,2,5.808142
8,61,2,5.811141
8,61,2,5.814131
8,61,2,5.817111
8,61,2,5.820083
8,61,2,5.823046
8,61,2,5.826000
8,61,2,5.828946
8,61,2,5.831882
8,61,2,5.834811
8,61,2,5.837730
8,61,2,5.840642
8,61,2,5.843544
8,61,2,5.846439
8,61,2,5.849325
8,61,2,5.852202
8,61,2,5.855072
8,61,2,5.857933
8,61,2,5.860786
8,61,2,5.863631
8,61,2,5.866468
8,61,2,5.869297
8,61,2,5.872118
8,61,2,5.874931
8,61,2,5.877736
8,61,2,5.880533
8,61,2,5.883322
8,61,2,5.886104
8,61,2,5.888878
8,61,2,5.891644
8,61,2,5.894403
8,41,2,5.897154
8,41,2,5.899897
8,41,2,5.902633
8,41,2,5.905362
8,41,2,5.908083
8,41,2,5.910797
8,41,2,5.913503
8,41,2,5.916202
8,41,2,5.918894
8,41,2,5.921578
8,41,2,5.924256
8,41,2,5.926926
8,41,2,5.929589
8,41,2,5.932245
8,41,2,5.934894
8,41,2,5.937536
8,41,2,5.940171
8,41,2,5.942799
8,41,2,5.945421
16,102,2,6.013715
16,102,2,6.016157
16,102,2,6.018593
31,2,2,4.700480
31,1,2,4.709530
31,1,2,4.718499
31,1,2,4.727388
31,1,2,4.736198
31,2,2,4.744932
31,1,2,4.753590
31,1,2,4.762174
31,1,2,4.770685
31,1,2,4.779123
31,1,2,4.787492
31,1,2,4.795791
25,82,2,2.197225
25,76,2,2.772589
25,80,2,1.791759
6,10,2,1.386294
31,1,2,4.804021
31,1,2,4.812184
31,1,2,4.820282
31,1,2,4.828314
31,2,2,4.836282
31,1,2,4.844187
31,2,2,4.852030
31,104,2,4.859812
31,1,2,4.867534
31,1,2,4.875197
31,1,2,4.882802
31,1,2,4.890349
17,82,2,2.302585
16,102,2,6.021023
16,102,2,6.023448
16,102,2,6.025866
16,102,2,6.028279
16,102,2,6.030685
16,102,2,6.033086
16,102,2,6.035481
16,102,2,6.037871
16,102,2,6.040255
31,104,2,4.897840
31,1,2,4.905275
31,2,2,4.912655
31,1,2,4.919981
31,1,2,4.927254
31,1,2,4.934474
31,1,2,4.941642
31,2,2,4.948760
31,1,2,4.955827
31,1,2,4.962845
31,1,2,4.969813
31,1,2,4.976734
31,1,2,4.983607
8,41,2,5.948035
8,41,2,5.950643
8,41,2,5.953243
8,41,2,5.955837
8,41,2,5.958425
8,41,2,5.961005
8,41,2,5.963579
8,41,2,5.966147
8,41,2,5.968708
8,41,2,5.971262
8,41,2,5.973810
8,41,2,5.976351
8,41,2,5.978886
8,41,2,5.981414
8,41,2,5.983936
8,41,2,5.986452
8,41,2,5.988961
8,41,2,5.991465
8,41,2,5.993961
8,41,2,5.996452
8,41,2,5.998937
8,41,2,6.001415
8,41,2,6.003887
8,41,2,6.006353
8,41,2,6.008813
8,41,2,6.011267
8,41,2,6.013715
8,41,2,6.016157
8,41,2,6.018593
8,41,2,6.021023
8,41,2,6.023448
8,41,2,6.025866
8,41,2,6.028279
8,41,2,6.030685
8,41,2,6.033086
8,41,2,6.035481
8,41,2,6.037871
8,41,2,6.040255
8,41,2,6.042633
8,41,2,6.045005
8,41,2,6.047372
8,41,2,6.049733
8,41,2,6.052089
8,41,2,6.054439
8,41,2,6.056784
8,41,2,6.059123
8,41,2,6.061457
8,41,2,6.063785
8,41,2,6.066108
8,41,2,6.068426
8,41,2,6.070738
8,113,2,6.073045
8,113,2,6.075346
16,114,2,6.042633
31,115,2,4.990433
31,115,2,4.997212
16,40,2,6.045005
17,27,2,1.945910
31,19,2,5.003946
31,19,2,5.010635
31,19,2,5.017280
31,19,2,5.023881
31,19,2,5.030438
31,19,2,5.036953
31,19,2,5.043425
31,19,2,5.049856
31,19,2,5.056246
31,19,2,5.062595
31,19,2,5.068904
31,19,2,5.075174
16,18,2,6.047372
31,19,2,5.081404
31,19,2,5.087596
16,18,2,6.049733
31,19,2,5.093750
16,18,2,6.052089
31,19,2,5.099866
31,19,2,5.105945
31,19,2,5.111988
31,19,2,5.117994
31,19,2,5.123964
31,19,2,5.129899
31,19,2,5.135798
31,19,2,5.141664
31,19,2,5.147494
31,19,2,5.153292
31,19,2,5.159055
31,19,2,5.164786
31,19,2,5.170484
31,19,2,5.176150
31,19,2,5.181784
31,19,2,5.187386
31,19,2,5.192957
31,19,2,5.198497
31,19,2,5.204007
31,19,2,5.209486
31,19,2,5.214936
31,19,2,5.220356
31,19,2,5.225747
31,19,2,5.231109
31,19,2,5.236442
31,19,2,5.241747
29,94,2,1.791759
8,42,2,6.077642
8,113,2,6.079933
31,90,2,5.247024
31,19,2,5.252273
31,116,2,5.257495
31,19,2,5.262690
31,19,2,5.267858
31,19,2,5.273000
8,113,2,6.082219
8,113,2,6.084499
8,113,2,6.086775
8,113,2,6.089045
8,113,2,6.091310
8,113,2,6.093570
8,113,2,6.095825
8,113,2,6.098074
8,113,2,6.100319
8,113,2,6.102559
31,19,2,5.278115
31,19,2,5.283204
31,19,2,5.288267
31,19,2,5.293305
31,19,2,5.298317
31,19,2,5.303305
31,19,2,5.308268
31,19,2,5.313206
31,19,2,5.318120
31,19,2,5.323010
31,19,2,5.327876
31,19,2,5.332719
31,19,2,5.337538
31,19,2,5.342334
31,19,2,5.347108
31,19,2,5.351858
31,19,2,5.356586
31,19,2,5.361292
31,19,2,5.365976
31,19,2,5.370638
31,19,2,5.375278
31,19,2,5.379897
31,19,2,5.384495
31,19,2,5.389072
31,19,2,5.393628
31,19,2,5.398163
31,19,2,5.402677
31,19,2,5.407172
31,19,2,5.411646
31,19,2,5.416100
31,19,2,5.420535
31,19,2,5.424950
31,19,2,5.429346
31,19,2,5.433722
31,19,2,5.438079
31,19,2,5.442418
31,19,2,5.446737
31,19,2,5.451038
31,19,2,5.455321
31,19,2,5.459586
31,19,2,5.463832
16,117,2,6.054439
16,117,2,6.056784
16,117,2,6.059123
16,117,2,6.061457
16,117,2,6.063785
16,117,2,6.066108
16,117,2,6.068426
16,117,2,6.070738
16,117,2,6.073045
16,117,2,6.075346
2,13,2,2.397616
16,117,2,6.077642
16,117,2,6.079933
16,118,2,6.082219
8,113,2,6.104793
8,113,2,6.107023
8,113,2,6.109248
8,113,2,6.111467
8,113,2,6.113682
8,113,2,6.115892
8,113,2,6.118097
8,113,2,6.120297
8,113,2,6.122493
8,113,2,6.124683
8,113,2,6.126869
8,113,2,6.129050
8,113,2,6.131226
8,113,2,6.133398
8,113,2,6.135565
8,113,2,6.137727
8,113,2,6.139885
8,113,2,6.142037
8,113,2,6.144186
8,113,2,6.146329
8,113,2,6.148468
8,113,2,6.150603
8,113,2,6.152733
8,113,2,6.154858
8,113,2,6.156979
8,113,2,6.159095
8,113,2,6.161207
8,113,2,6.163315
8,113,2,6.165418
8,113,2,6.167516
8,113,2,6.169611
8,113,2,6.171701
8,113,2,6.173786
8,113,2,6.175867
8,113,2,6.177944
8,113,2,6.180017
8,113,2,6.182085
8,113,2,6.184149
8,113,2,6.186209
8,113,2,6.188264
8,113,2,6.190315
8,113,2,6.192362
31,19,2,5.468060
31,19,2,5.472271
5,13,2,2.639057
5,78,2,2.708050
16,117,2,6.084499
16,117,2,6.086775
16,117,2,6.089045
16,117,2,6.091310
16,117,2,6.093570
16,117,2,6.095825
16,117,2,6.098074
16,117,2,6.100319
16,117,2,6.102559
16,117,2,6.104793
16,102,2,6.107023
16,102,2,6.109248
16,102,2,6.111467
5,78,2,2.772589
31,115,2,5.476464
31,115,2,5.480639
31,115,2,5.484797
16,117,2,6.113682
16,117,2,6.115892
16,117,2,6.118097
16,117,2,6.120297
16,117,2,6.122493
16,117,2,6.124683
16,117,2,6.126869
16,117,2,6.129050
16,117,2,6.131226
16,117,2,6.133398
16,117,2,6.135565
16,117,2,6.137727
8,19,2,6.194405
8,19,2,6.196444
8,19,2,6.198479
8,19,2,6.200509
8,19,2,6.202536
8,19,2,6.204558
8,19,2,6.206576
8,19,2,6.208590
8,19,2,6.210600
8,19,2,6.212606
8,19,2,6.214608
8,19,2,6.216606
8,19,2,6.218600
8,19,2,6.220590
8,19,2,6.222576
8,19,2,6.224558
8,19,2,6.226537
8,19,2,6.228511
8,19,2,6.230481
8,19,2,6.232448
8,19,2,6.234411
8,19,2,6.236370
8,19,2,6.238325
8,19,2,6.240276
8,19,2,6.242223
8,19,2,6.244167
8,19,2,6.246107
8,19,2,6.248043
8,19,2,6.249975
8,19,2,6.251904
8,19,2,6.253829
8,19,2,6.255750
8,19,2,6.257668
8,19,2,6.259581
8,19,2,6.261492
8,19,2,6.263398
8,19,2,6.265301
8,19,2,6.267201
8,19,2,6.269096
8,19,2,6.270988
8,119,2,6.272877
8,44,2,6.274762
8,44,2,6.276643
8,120,2,6.278521
31,115,2,5.488938
8,121,2,6.280396
8,44,2,6.282267
8,44,2,6.284134
12,82,2,2.397895
31,115,2,5.493061
31,115,2,5.497168
8,82,2,6.285998
29,82,2,2.564949
29,79,2,2.197225
31,115,2,5.501258
31,115,2,5.505332
29,27,2,2.079442
12,80,2,1.609438
16,102,2,6.139885
16,102,2,6.142037
16,34,2,6.144186
16,34,2,6.146329
16,34,2,6.148468
16,34,2,6.150603
16,34,2,6.152733
16,34,2,6.154858
16,34,2,6.156979
16,102,2,6.159095
16,102,2,6.161207
16,102,2,6.163315
16,102,2,6.165418
16,102,2,6.167516
8,103,2,6.287859
8,122,2,6.289716
8,123,2,6.291569
8,43,2,6.293419
21,74,2,2.833213
2,27,2,2.483477
5,9,2,2.833213
8,123,2,6.295266
8,44,2,6.297109
31,115,2,5.509388
31,115,2,5.513429
8,123,2,6.298949
8,44,2,6.300786
8,103,2,6.302619
8,123,2,6.304449
16,124,2,6.169611
16,124,2,6.171701
16,124,2,6.173786
16,124,2,6.175867
16,124,2,6.177944
16,124,2,6.180017
16,124,2,6.182085
16,124,2,6.184149
16,124,2,6.186209
16,124,2,6.188264
16,124,2,6.190315
16,124,2,6.192362
16,124,2,6.194405
16,124,2,6.196444
16,102,2,6.198479
16,102,2,6.200509
16,125,2,6.202536
16,125,2,6.204558
16,125,2,6.206576
16,125,2,6.208590
16,125,2,6.210600
16,125,2,6.212606
16,125,2,6.214608
16,125,2,6.216606
16,125,2,6.218600
16,125,2,6.220590
16,125,2,6.222576
16,125,2,6.224558
16,125,2,6.226537
16,125,2,6.228511
16,125,2,6.230481
6,10,2,1.609438
31,126,2,5.517453
8,127,2,6.306275
8,127,2,6.308098
8,127,2,6.309918
8,127,2,6.311735
8,127,2,6.313548
8,127,2,6.315358
8,127,2,6.317165
8,127,2,6.318968
8,127,2,6.320768
8,127,2,6.322565
8,127,2,6.324359
8,127,2,6.326149
8,127,2,6.327937
8,127,2,6.329721
8,127,2,6.331502
8,127,2,6.333280
16,125,2,6.232448
16,125,2,6.234411
16,23,2,6.236370
16,125,2,6.238325
16,125,2,6.240276
16,125,2,6.242223
16,23,2,6.244167
16,125,2,6.246107
16,23,2,6.248043
16,23,2,6.249975
16,23,2,6.251904
16,23,2,6.253829
16,23,2,6.255750
16,23,2,6.257668
16,23,2,6.259581
16,23,2,6.261492
16,23,2,6.263398
16,23,2,6.265301
16,23,2,6.267201
16,23,2,6.269096
16,23,2,6.270988
16,125,2,6.272877
16,23,2,6.274762
16,23,2,6.276643
16,23,2,6.278521
16,125,2,6.280396
16,23,2,6.282267
16,23,2,6.284134
16,23,2,6.285998
16,125,2,6.287859
16,23,2,6.289716
16,125,2,6.291569
16,23,2,6.293419
16,125,2,6.295266
16,125,2,6.297109
16,23,2,6.298949
16,23,2,6.300786
16,23,2,6.302619
16,23,2,6.304449
16,23,2,6.306275
31,115,2,5.521461
31,115,2,5.525453
16,128,2,6.308098
16,128,2,6.309918
16,128,2,6.311735
16,128,2,6.313548
16,128,2,6.315358
16,128,2,6.317165
16,128,2,6.318968
16,128,2,6.320768
16,128,2,6.322565
16,128,2,6.324359
16,128,2,6.326149
16,128,2,6.327937
16,128,2,6.329721
16,128,2,6.331502
16,128,2,6.333280
16,128,2,6.335054
16,128,2,6.336826
8,18,2,6.335054
8,18,2,6.336826
8,18,2,6.338594
8,18,2,6.340359
8,18,2,6.342121
8,18,2,6.343880
8,18,2,6.345636
8,18,2,6.347389
8,18,2,6.349139
8,18,2,6.350886
16,128,2,6.338594
16,128,2,6.340359
16,128,2,6.342121
16,128,2,6.343880
16,128,2,6.345636
16,128,2,6.347389
16,128,2,6.349139
8,18,2,6.352629
16,128,2,6.350886
8,129,2,6.354370
8,129,2,6.356108
8,129,2,6.357842
8,129,2,6.359574
8,129,2,6.361302
8,129,2,6.363028
8,129,2,6.364751
8,129,2,6.366470
8,129,2,6.368187
8,129,2,6.369901
8,129,2,6.371612
8,129,2,6.373320
8,129,2,6.375025
8,129,2,6.376727
8,129,2,6.378426
8,129,2,6.380123
16,23,2,6.352629
16,23,2,6.354370
16,23,2,6.356108
16,23,2,6.357842
16,23,2,6.359574
16,23,2,6.361302
16,23,2,6.363028
16,23,2,6.364751
16,23,2,6.366470
16,23,2,6.368187
16,23,2,6.369901
31,115,2,5.529429
31,115,2,5.533389
10,74,2,2.079442
16,130,2,6.371612
16,130,2,6.373320
16,130,2,6.375025
16,130,2,6.376727
16,130,2,6.378426
16,130,2,6.380123
8,129,2,6.381816
8,129,2,6.383507
16,130,2,6.381816
16,130,2,6.383507
16,130,2,6.385194
16,130,2,6.386879
16,130,2,6.388561
16,130,2,6.390241
16,130,2,6.391917
16,130,2,6.393591
16,130,2,6.395262
16,130,2,6.396930
16,31,2,6.398595
8,131,2,6.385194
8,131,2,6.386879
8,131,2,6.388561
8,131,2,6.390241
8,131,2,6.391917
8,131,2,6.393591
8,131,2,6.395262
8,131,2,6.396930
8,131,2,6.398595
8,131,2,6.400257
8,131,2,6.401917
8,131,2,6.403574
8,131,2,6.405228
16,130,2,6.400257
16,130,2,6.401917
16,130,2,6.403574
16,130,2,6.405228
16,130,2,6.406880
16,130,2,6.408529
16,43,2,6.410175
16,44,2,6.411818
16,44,2,6.413459
16,44,2,6.415097
16,132,2,6.416732
16,132,2,6.418365
16,132,2,6.419995
16,132,2,6.421622
15,73,2,1.945910
2,8,2,2.562690
15,86,2,1.609438
2,3,2,2.636196
15,89,2,1.609438
15,81,2,1.791759
16,132,2,6.423247
16,132,2,6.424869
16,132,2,6.426488
16,34,2,6.428105
16,34,2,6.429719
16,34,2,6.431331
16,34,2,6.432940
16,34,2,6.434547
16,34,2,6.436150
16,34,2,6.437752
8,131,2,6.406880
8,131,2,6.408529
8,131,2,6.410175
8,131,2,6.411818
8,131,2,6.413459
8,131,2,6.415097
8,131,2,6.416732
8,131,2,6.418365
8,131,2,6.419995
8,131,2,6.421622
8,131,2,6.423247
8,131,2,6.424869
8,131,2,6.426488
8,131,2,6.428105
8,131,2,6.429719
8,131,2,6.431331
8,131,2,6.432940
8,131,2,6.434547
8,131,2,6.436150
16,43,2,6.439350
16,133,2,6.440947
16,44,2,6.442540
16,44,2,6.444131
16,44,2,6.445720
16,133,2,6.447306
16,134,2,6.448889
16,134,2,6.450470
16,134,2,6.452049
16,134,2,6.453625
16,134,2,6.455199
16,34,2,6.456770
16,34,2,6.458338
16,44,2,6.459904
16,43,2,6.461468
16,44,2,6.463029
16,135,2,6.464588
16,135,2,6.466145
16,135,2,6.467699
16,135,2,6.469250
16,135,2,6.470800
16,135,2,6.472346
16,135,2,6.473891
16,135,2,6.475433
16,135,2,6.476972
16,135,2,6.478510
16,135,2,6.480045
16,135,2,6.481577
16,135,2,6.483107
16,135,2,6.484635
16,136,2,6.486161
16,136,2,6.487684
16,136,2,6.489205
16,136,2,6.490724
16,136,2,6.492240
16,43,2,6.493754
16,44,2,6.495266
16,44,2,6.496775
16,44,2,6.498282
16,136,2,6.499787
16,136,2,6.501290
16,136,2,6.502790
16,136,2,6.504288
16,136,2,6.505784
16,136,2,6.507278
16,136,2,6.508769
16,136,2,6.510258
16,136,2,6.511745
16,136,2,6.513230
16,136,2,6.514713
16,136,2,6.516193
16,136,2,6.517671
16,136,2,6.519147
8,131,2,6.437752
16,136,2,6.520621
16,136,2,6.522093
8,131,2,6.439350
16,136,2,6.523562
16,136,2,6.525030
16,136,2,6.526495
16,136,2,6.527958
16,136,2,6.529419
16,136,2,6.530878
8,131,2,6.440947
8,131,2,6.442540
8,131,2,6.444131
8,131,2,6.445720
8,131,2,6.447306
8,131,2,6.448889
8,131,2,6.450470
8,131,2,6.452049
8,131,2,6.453625
8,131,2,6.455199
8,131,2,6.456770
8,131,2,6.458338
8,131,2,6.459904
16,136,2,6.532334
8,131,2,6.461468
16,135,2,6.533789
16,135,2,6.535241
16,135,2,6.536692
29,79,2,2.302585
8,41,2,6.463029
8,41,2,6.464588
8,41,2,6.466145
8,41,2,6.467699
8,41,2,6.469250
8,41,2,6.470800
8,41,2,6.472346
8,41,2,6.473891
8,41,2,6.475433
8,41,2,6.476972
8,41,2,6.478510
8,41,2,6.480045
8,41,2,6.481577
8,41,2,6.483107
8,41,2,6.484635
8,41,2,6.486161
8,41,2,6.487684
8,41,2,6.489205
8,41,2,6.490724
8,41,2,6.492240
8,41,2,6.493754
8,41,2,6.495266
8,41,2,6.496775
8,41,2,6.498282
8,41,2,6.499787
8,41,2,6.501290
2,75,2,2.704751
10,74,2,2.197225
16,135,2,6.538140
16,135,2,6.539586
16,135,2,6.541030
16,135,2,6.542472
16,135,2,6.543912
16,135,2,6.545350
16,135,2,6.546785
16,135,2,6.548219
16,135,2,6.549651
16,135,2,6.551080
8,137,2,6.502790
8,137,2,6.504288
8,137,2,6.505784
8,137,2,6.507278
8,137,2,6.508769
8,137,2,6.510258
8,137,2,6.511745
8,137,2,6.513230
8,137,2,6.514713
8,137,2,6.516193
8,137,2,6.517671
8,137,2,6.519147
8,137,2,6.520621
8,137,2,6.522093
8,137,2,6.523562
8,137,2,6.525030
8,137,2,6.526495
8,137,2,6.527958
8,137,2,6.529419
8,137,2,6.530878
8,137,2,6.532334
8,137,2,6.533789
8,137,2,6.535241
8,137,2,6.536692
8,137,2,6.538140
8,137,2,6.539586
8,137,2,6.541030
8,137,2,6.542472
8,137,2,6.543912
8,137,2,6.545350
16,5,2,6.552508
16,6,2,6.553933
8,137,2,6.546785
16,138,2,6.555357
16,138,2,6.556778
16,138,2,6.558198
16,138,2,6.559615
16,138,2,6.561031
16,138,2,6.562444
5,78,2,2.890372
16,138,2,6.563856
16,138,2,6.565265
16,139,2,6.566672
8,41,2,6.548219
8,41,2,6.549651
8,41,2,6.551080
8,41,2,6.552508
8,41,2,6.553933
8,41,2,6.555357
8,41,2,6.556778
8,41,2,6.558198
8,41,2,6.559615
16,140,2,6.568078
8,41,2,6.561031
16,140,2,6.569481
8,41,2,6.562444
16,140,2,6.570883
8,41,2,6.563856
16,140,2,6.572283
8,41,2,6.565265
8,41,2,6.566672
8,41,2,6.568078
8,41,2,6.569481
8,41,2,6.570883
8,41,2,6.572283
8,41,2,6.573680
8,41,2,6.575076
8,41,2,6.576470
8,41,2,6.577861
8,41,2,6.579251
8,41,2,6.580639
8,41,2,6.582025
8,41,2,6.583409
8,41,2,6.584791
8,41,2,6.586172
8,41,2,6.587550
8,41,2,6.588926
8,41,2,6.590301
8,41,2,6.591674
8,41,2,6.593045
8,41,2,6.594413
8,41,2,6.595781
8,41,2,6.597146
8,41,2,6.598509
8,41,2,6.599870
8,41,2,6.601230
8,41,2,6.602588
8,41,2,6.603944
8,41,2,6.605298
8,41,2,6.606650
8,41,2,6.608001
8,41,2,6.609349
8,41,2,6.610696
8,41,2,6.612041
8,41,2,6.613384
8,41,2,6.614726
8,41,2,6.616065
16,138,2,6.573680
16,138,2,6.575076
16,138,2,6.576470
16,139,2,6.577861
16,138,2,6.579251
16,135,2,6.580639
16,135,2,6.582025
16,135,2,6.583409
16,135,2,6.584791
16,135,2,6.586172
16,135,2,6.587550
16,135,2,6.588926
16,135,2,6.590301
16,135,2,6.591674
16,135,2,6.593045
16,135,2,6.594413
16,135,2,6.595781
16,135,2,6.597146
16,135,2,6.598509
16,138,2,6.599870
16,139,2,6.601230
16,138,2,6.602588
16,138,2,6.603944
16,138,2,6.605298
16,138,2,6.606650
16,138,2,6.608001
16,141,2,6.609349
8,41,2,6.617403
16,135,2,6.610696
16,135,2,6.612041
16,135,2,6.613384
8,41,2,6.618739
8,41,2,6.620073
8,41,2,6.621406
8,41,2,6.622736
8,41,2,6.624065
8,41,2,6.625392
8,41,2,6.626718
8,41,2,6.628041
8,41,2,6.629363
8,41,2,6.630683
8,41,2,6.632002
8,41,2,6.633318
8,41,2,6.634633
8,41,2,6.635947
8,41,2,6.637258
8,41,2,6.638568
8,41,2,6.639876
8,41,2,6.641182
8,41,2,6.642487
8,41,2,6.643790
8,41,2,6.645091
8,41,2,6.646391
8,41,2,6.647688
8,41,2,6.648985
8,41,2,6.650279
8,41,2,6.651572
16,140,2,6.614726
16,140,2,6.616065
16,140,2,6.617403
16,140,2,6.618739
16,140,2,6.620073
16,140,2,6.621406
16,142,2,6.622736
16,142,2,6.624065
16,142,2,6.625392
16,143,2,6.626718
16,144,2,6.628041
2,13,2,2.768971
16,144,2,6.629363
16,144,2,6.630683
16,145,2,6.632002
16,144,2,6.633318
8,41,2,6.652863
8,41,2,6.654153
8,41,2,6.655440
8,41,2,6.656727
8,41,2,6.658011
8,41,2,6.659294
8,41,2,6.660575
8,41,2,6.661855
8,41,2,6.663133
8,41,2,6.664409
8,41,2,6.665684
8,41,2,6.666957
8,41,2,6.668228
8,41,2,6.669498
8,41,2,6.670766
8,41,2,6.672033
8,41,2,6.673298
8,41,2,6.674561
8,41,2,6.675823
8,41,2,6.677083
8,41,2,6.678342
8,41,2,6.679599
8,41,2,6.680855
8,41,2,6.682109
8,146,2,6.683361
8,146,2,6.684612
8,146,2,6.685861
8,146,2,6.687109
8,147,2,6.688355
8,146,2,6.689599
8,146,2,6.690842
8,146,2,6.692084
8,146,2,6.693324
8,146,2,6.694562
8,146,2,6.695799
30,82,2,2.639057
16,148,2,6.634633
16,148,2,6.635947
16,148,2,6.637258
16,148,2,6.638568
16,148,2,6.639876
6,10,2,3.828641
16,144,2,6.641182
16,144,2,6.642487
16,144,2,6.643790
10,78,2,2.890372
24,75,2,1.791759
10,28,2,1.791759
16,138,2,6.645091
16,138,2,6.646391
16,138,2,6.647688
16,139,2,6.648985
16,138,2,6.650279
16,139,2,6.651572
16,138,2,6.652863
16,138,2,6.654153
16,138,2,6.655440
16,138,2,6.656727
16,149,2,6.658011
16,149,2,6.659294
16,149,2,6.660575
16,149,2,6.661855
16,149,2,6.663133
16,149,2,6.664409
16,149,2,6.665684
16,149,2,6.666957
16,149,2,6.668228
16,149,2,6.669498
16,149,2,6.670766
16,6,2,6.672033
16,150,2,6.673298
8,146,2,6.697034
8,146,2,6.698268
8,146,2,6.699500
8,146,2,6.700731
8,146,2,6.701960
16,6,2,6.674561
16,150,2,6.675823
16,150,2,6.677083
16,150,2,6.678342
16,150,2,6.679599
16,150,2,6.680855
16,150,2,6.682109
16,150,2,6.683361
16,150,2,6.684612
16,150,2,6.685861
16,150,2,6.687109
16,150,2,6.688355
16,150,2,6.689599
16,150,2,6.690842
16,144,2,6.692084
16,144,2,6.693324
16,144,2,6.694562
16,145,2,6.695799
16,144,2,6.697034
8,146,2,6.703188
8,146,2,6.704414
8,146,2,6.705639
8,146,2,6.706862
8,146,2,6.708084
16,22,2,6.698268
16,22,2,6.699500
16,22,2,6.700731
16,22,2,6.701960
16,22,2,6.703188
16,22,2,6.704414
16,22,2,6.705639
16,22,2,6.706862
16,22,2,6.708084
16,22,2,6.709304
16,22,2,6.710523
16,22,2,6.711740
16,22,2,6.712956
16,22,2,6.714171
16,22,2,6.715383
16,22,2,6.716595
16,22,2,6.717805
16,22,2,6.719013
16,149,2,6.720220
16,149,2,6.721426
16,149,2,6.722630
16,149,2,6.723832
16,149,2,6.725034
16,149,2,6.726233
16,149,2,6.727432
16,149,2,6.728629
16,149,2,6.729824
16,149,2,6.731018
16,149,2,6.732211
16,149,2,6.733402
16,149,2,6.734592
16,149,2,6.735780
16,149,2,6.736967
16,149,2,6.738152
16,149,2,6.739337
16,151,2,6.740519
16,151,2,6.741701
16,151,2,6.742881
16,151,2,6.744059
16,151,2,6.745236
16,151,2,6.746412
16,151,2,6.747587
16,151,2,6.748760
16,151,2,6.749931
16,151,2,6.751101
16,151,2,6.752270
16,151,2,6.753438
20,78,2,2.944439
16,151,2,6.754604
16,151,2,6.755769
16,151,2,6.756932
16,151,2,6.758095
5,9,2,2.944439
2,27,2,2.829367
15,59,2,2.079442
25,27,2,1.945910
8,152,2,6.709304
8,152,2,6.710523
8,152,2,6.711740
8,152,2,6.712956
16,149,2,6.759255
16,149,2,6.760415
16,149,2,6.761573
16,149,2,6.762730
16,149,2,6.763885
16,149,2,6.765039
16,149,2,6.766192
16,149,2,6.767343
16,149,2,6.768493
16,149,2,6.769642
2,82,2,2.886364
20,59,2,2.890372
16,153,2,6.770789
16,153,2,6.771936
16,153,2,6.773080
16,153,2,6.774224
16,153,2,6.775366
16,153,2,6.776507
16,153,2,6.777647
16,153,2,6.778785
16,153,2,6.779922
16,153,2,6.781058
16,153,2,6.782192
16,153,2,6.783325
16,153,2,6.784457
16,153,2,6.785588
16,153,2,6.786717
16,153,2,6.787845
16,153,2,6.788972
16,153,2,6.790097
16,153,2,6.791221
16,153,2,6.792344
16,153,2,6.793466
16,153,2,6.794587
16,153,2,6.795706
16,153,2,6.796824
16,153,2,6.797940
16,153,2,6.799056
16,153,2,6.800170
16,153,2,6.801283
16,151,2,6.802395
16,151,2,6.803505
16,151,2,6.804615
21,74,2,2.890372
16,22,2,6.805723
16,22,2,6.806829
16,151,2,6.807935
16,151,2,6.809039
16,151,2,6.810142
16,151,2,6.811244
16,151,2,6.812345
16,151,2,6.813445
16,151,2,6.814543
16,151,2,6.815640
16,151,2,6.816736
16,151,2,6.817831
16,151,2,6.818924
16,151,2,6.820016
16,151,2,6.821107
16,151,2,6.822197
16,151,2,6.823286
16,153,2,6.824374
16,154,2,6.825460
21,59,2,2.944439
16,22,2,6.826545
16,150,2,6.827629
16,150,2,6.828712
16,150,2,6.829794
16,150,2,6.830874
16,150,2,6.831954
16,6,2,6.833032
16,150,2,6.834109
16,150,2,6.835185
16,150,2,6.836259
16,150,2,6.837333
16,150,2,6.838405
16,150,2,6.839476
16,150,2,6.840547
16,150,2,6.841615
29,29,2,2.197225
29,29,2,2.302585
29,29,2,2.397895
29,29,2,2.484907
29,29,2,2.564949
29,29,2,2.639057
29,29,2,2.708050
29,29,2,2.772589
29,29,2,2.833213
29,29,2,2.890372
29,29,2,2.944439
29,29,2,2.995732
29,29,2,3.044522
29,29,2,3.091042
29,29,2,3.135494
10,28,2,1.945910
24,75,2,1.945910
10,77,2,1.945910
11,26,2,1.609438
11,78,2,2.995732
29,29,2,3.178054
29,29,2,3.218876
29,29,2,3.258097
29,29,2,3.295837
29,29,2,3.332205
29,29,2,3.367296
29,29,2,3.401197
29,29,2,3.433987
29,29,2,3.465736
29,29,2,3.496508
29,29,2,3.526361
29,29,2,3.555348
29,29,2,3.583519
29,29,2,3.610918
29,29,2,3.637586
8,155,2,6.714171
8,155,2,6.715383
8,155,2,6.716595
8,155,2,6.717805
8,155,2,6.719013
8,155,2,6.720220
8,155,2,6.721426
8,155,2,6.722630
8,155,2,6.723832
8,155,2,6.725034
16,150,2,6.842683
16,150,2,6.843750
16,150,2,6.844815
16,150,2,6.845880
16,150,2,6.846943
16,150,2,6.848005
16,150,2,6.849066
16,150,2,6.850126
16,150,2,6.851185
16,150,2,6.852243
16,6,2,6.853299
16,150,2,6.854355
16,150,2,6.855409
16,150,2,6.856462
8,156,2,6.726233
8,156,2,6.727432
8,156,2,6.728629
8,156,2,6.729824
8,156,2,6.731018
8,156,2,6.732211
8,156,2,6.733402
16,150,2,6.857514
16,150,2,6.858565
16,150,2,6.859615
16,150,2,6.860664
16,150,2,6.861711
16,150,2,6.862758
16,150,2,6.863803
16,150,2,6.864848
16,6,2,6.865891
16,150,2,6.866933
16,150,2,6.867974
16,150,2,6.869014
16,150,2,6.870053
16,150,2,6.871091
29,29,2,3.663562
29,84,2,4.787492
29,84,2,4.795791
29,84,2,4.804021
29,84,2,4.812184
29,84,2,4.820282
29,84,2,4.828314
29,84,2,4.836282
29,84,2,4.844187
29,84,2,4.852030
29,84,2,4.859812
29,84,2,4.867534
29,84,2,4.875197
29,84,2,4.882802
29,84,2,4.890349
29,84,2,4.897840
29,84,2,4.905275
29,84,2,4.912655
29,84,2,4.919981
29,84,2,4.927254
29,84,2,4.934474
29,84,2,4.941642
29,84,2,4.948760
29,84,2,4.955827
29,84,2,4.962845
29,84,2,4.969813
29,84,2,4.976734
29,84,2,4.983607
29,84,2,4.990433
14,79,2,2.397895
16,5,2,6.872128
16,157,2,6.873164
16,157,2,6.874198
16,158,2,6.875232
16,159,2,6.876265
16,158,2,6.877296
16,158,2,6.878326
16,158,2,6.879356
16,158,2,6.880384
16,158,2,6.881411
16,158,2,6.882437
16,158,2,6.883463
25,27,2,2.079442
25,8,2,2.197225
25,82,2,2.772589
16,160,2,6.884487
16,160,2,6.885510
16,160,2,6.886532
16,160,2,6.887553
16,160,2,6.888572
11,89,2,1.791759
32,28,2,2.079442
24,161,2,1.945910
16,160,2,6.889591
16,160,2,6.890609
16,160,2,6.891626
16,160,2,6.892642
2,3,2,2.940320
29,84,3,3.891920
29,84,3,3.917994
29,84,3,3.943589
29,84,3,3.968721
29,84,3,3.993404
29,84,3,4.017653
29,84,3,4.041481
29,84,3,4.064902
29,84,3,4.087928
29,84,3,4.110571
29,84,3,4.132842
29,84,3,4.154753
29,84,3,4.176313
29,84,3,4.197533
29,84,3,4.218422
29,84,3,4.238990
29,84,3,4.259245
29,84,3,4.279197
29,84,3,4.298853
29,84,3,4.318220
29,84,3,4.337308
29,84,3,4.356123
29,84,3,4.374671
29,84,3,4.392961
29,84,3,4.410998
29,84,3,4.428788
29,84,3,4.446338
29,84,3,4.463654
29,84,3,4.480741
29,84,3,4.497605
29,84,3,4.514251
29,84,3,4.530684
29,84,3,4.546909
29,84,3,4.562931
29,84,3,4.578754
22,78,3,2.127755
2,94,3,2.060426
29,43,3,4.348318
29,44,3,4.370077
29,44,3,4.391444
29,44,3,4.412431
8,162,3,5.601236
8,162,3,5.605962
8,162,3,5.610671
8,162,3,5.615365
29,44,3,4.433051
29,44,3,4.453317
29,44,3,4.473238
29,44,3,4.492825
29,43,3,4.512090
8,162,3,5.620043
8,162,3,5.624706
8,162,3,5.629352
6,10,3,2.983153
12,82,3,1.963610
2,8,3,2.213539
15,78,3,2.280047
16,1,3,5.759409
16,2,3,5.763443
16,1,3,5.767466
16,1,3,5.771477
16,1,3,5.775477
16,1,3,5.779465
16,1,3,5.783442
16,2,3,5.787408
16,2,3,5.791362
16,2,3,5.795305
16,1,3,5.799237
16,1,3,5.803157
16,1,3,5.807067
16,1,3,5.810966
16,1,3,5.814853
8,163,3,5.633984
8,163,3,5.638599
8,164,3,5.643200
8,164,3,5.647785
8,164,3,5.652355
29,83,3,4.531041
26,80,3,1.593309
16,165,3,5.818730
16,158,3,5.822596
16,158,3,5.826451
16,158,3,5.830295
16,158,3,5.834129
16,158,3,5.837952
16,158,3,5.841764
16,158,3,5.845566
16,159,3,5.849358
16,158,3,5.853139
17,79,3,1.712979
12,8,3,1.764731
11,28,3,1.528228
24,166,3,1.459279
28,8,3,2.012233
16,157,3,5.856909
29,83,3,4.549688
29,83,3,4.568040
29,83,3,4.586105
29,83,3,4.603893
17,79,3,1.945910
33,82,3,2.143520
30,82,3,2.302585
20,73,3,2.048982
17,8,3,2.218334
8,164,3,5.656910
8,167,3,5.661450
8,168,3,5.665976
8,168,3,5.670486
8,168,3,5.674982
8,168,3,5.679463
8,168,3,5.683930
8,168,3,5.688382
26,82,3,2.444633
26,94,3,2.078077
16,169,3,5.860670
26,8,3,2.393920
16,1,3,5.864420
16,1,3,5.868160
16,1,3,5.871890
16,1,3,5.875609
16,1,3,5.879319
16,170,3,5.883019
18,79,3,2.144581
29,171,3,4.621410
29,171,3,4.638664
29,171,3,4.655663
29,171,3,4.672414
29,171,3,4.688923
29,171,3,4.705197
29,171,3,4.721241
29,171,3,4.737062
29,171,3,4.752667
29,171,3,4.768059
29,171,3,4.783245
29,171,3,4.798229
29,171,3,4.813017
25,76,3,1.963610
2,76,3,2.351870
16,158,3,5.886708
16,158,3,5.890388
16,158,3,5.894058
16,158,3,5.897718
16,158,3,5.901368
16,158,3,5.905009
16,158,3,5.908640
16,158,3,5.912261
2,13,3,2.477697
20,78,3,2.417212
29,172,3,4.827614
29,173,3,4.842024
29,173,3,4.856251
29,173,3,4.870300
29,172,3,4.884175
29,172,3,4.897880
29,172,3,4.911419
29,172,3,4.924795
29,172,3,4.938013
19,73,3,1.870483
25,76,3,2.302585
19,73,3,2.068381
16,157,3,5.915873
8,174,3,5.692820
18,76,3,2.444633
18,82,3,2.572612
16,47,3,5.919475
16,47,3,5.923068
16,47,3,5.926651
16,47,3,5.930225
16,47,3,5.933790
16,47,3,5.937345
16,47,3,5.940891
16,47,3,5.944427
16,47,3,5.947955
16,47,3,5.951474
16,47,3,5.954983
16,47,3,5.958483
16,47,3,5.961975
16,47,3,5.965457
22,28,3,1.811562
24,94,3,1.981001
26,80,3,2.428743
16,175,3,5.968930
16,175,3,5.972395
16,175,3,5.975851
16,175,3,5.979298
16,175,3,5.982736
16,175,3,5.986165
16,175,3,5.989586
16,175,3,5.992998
16,175,3,5.996402
16,175,3,5.999797
16,175,3,6.003184
16,175,3,6.006562
16,175,3,6.009931
16,175,3,6.013293
16,175,3,6.016646
16,175,3,6.019990
16,175,3,6.023326
16,175,3,6.026654
16,150,3,6.029974
16,150,3,6.033286
16,150,3,6.036590
16,150,3,6.039885
16,150,3,6.043172
16,6,3,6.046452
16,150,3,6.049723
16,150,3,6.052987
16,150,3,6.056242
16,150,3,6.059490
16,150,3,6.062729
16,150,3,6.065961
16,150,3,6.069185
16,150,3,6.072402
29,176,3,4.951076
29,176,3,4.963987
29,176,3,4.976750
29,176,3,4.989367
29,176,3,5.001842
29,176,3,5.014178
29,176,3,5.026377
29,176,3,5.038444
29,176,3,5.050379
29,176,3,5.062187
29,176,3,5.073869
29,176,3,5.085428
29,176,3,5.096867
29,176,3,5.108187
29,176,3,5.119392
29,176,3,5.130483
29,176,3,5.141463
29,176,3,5.152333
29,176,3,5.163097
29,176,3,5.173755
16,5,3,6.075611
16,6,3,6.078812
10,78,3,2.541670
2,75,3,2.592855
10,87,3,1.764731
16,158,3,6.082005
16,158,3,6.085191
16,158,3,6.088369
16,158,3,6.091540
16,158,3,6.094703
16,158,3,6.097859
16,158,3,6.101007
16,158,3,6.104148
29,176,3,5.184309
29,176,3,5.194762
29,176,3,5.205116
29,176,3,5.215372
29,176,3,5.225532
29,176,3,5.235597
29,176,3,5.245570
29,176,3,5.255452
29,176,3,5.265244
29,176,3,5.274948
29,176,3,5.284566
29,176,3,5.294099
29,176,3,5.303548
29,176,3,5.312916
29,176,3,5.322202
29,176,3,5.331409
29,176,3,5.340538
29,176,3,5.349589
29,176,3,5.358565
29,19,3,5.367467
29,19,3,5.376295
29,19,3,5.385052
29,19,3,5.393737
29,19,3,5.402352
29,19,3,5.410898
29,19,3,5.419377
29,19,3,5.427788
29,19,3,5.436134
29,19,3,5.444415
29,19,3,5.452633
29,19,3,5.460787
29,19,3,5.468880
29,19,3,5.476911
29,19,3,5.484882
29,19,3,5.492794
29,19,3,5.500647
29,19,3,5.508443
29,19,3,5.516182
29,19,3,5.523865
29,19,3,5.531492
29,19,3,5.539065
29,19,3,5.546584
29,19,3,5.554050
29,19,3,5.561464
29,19,3,5.568827
29,19,3,5.576138
29,19,3,5.583399
29,19,3,5.590610
29,19,3,5.597773
29,19,3,5.604887
29,19,3,5.611954
29,19,3,5.618973
29,19,3,5.625947
29,19,3,5.632874
29,19,3,5.639756
29,19,3,5.646593
29,19,3,5.653386
29,19,3,5.660135
29,19,3,5.666842
29,19,3,5.673506
16,177,3,6.107281
16,177,3,6.110407
16,177,3,6.113526
16,177,3,6.116637
16,177,3,6.119741
16,177,3,6.122838
16,177,3,6.125928
16,177,3,6.129011
16,178,3,6.132086
16,177,3,6.135155
8,179,3,5.697244
8,179,3,5.701653
8,179,3,5.706048
8,179,3,5.710430
8,179,3,5.714797
8,179,3,5.719151
8,179,3,5.723491
8,180,3,5.727817
23,28,3,2.044850
2,80,3,2.698835
24,80,3,2.179287
8,179,3,5.732129
8,181,3,5.736428
29,19,3,5.680128
29,19,3,5.686708
29,19,3,5.693247
29,19,3,5.699746
29,19,3,5.706205
16,158,3,6.138216
16,158,3,6.141270
16,158,3,6.144318
8,164,3,5.740714
29,19,3,5.712624
29,19,3,5.719004
29,19,3,5.725346
24,79,3,2.316770
5,9,3,2.089131
2,79,3,2.814210
7,28,3,2.241483
26,79,3,2.602690
16,182,3,6.147358
8,183,3,5.744986
8,183,3,5.749245
8,183,3,5.753490
8,12,3,5.757723
8,183,3,5.761942
8,183,3,5.766148
8,183,3,5.770342
8,183,3,5.774522
8,183,3,5.778690
6,10,3,3.074675
10,28,3,2.410542
24,75,3,2.393920
8,184,3,5.782845
8,184,3,5.786988
8,184,3,5.791117
8,185,3,5.795235
8,184,3,5.799340
8,184,3,5.803432
8,184,3,5.807512
8,185,3,5.811580
8,184,3,5.815636
20,78,3,2.655352
8,184,3,5.819680
8,184,3,5.823712
8,184,3,5.827731
8,184,3,5.831739
8,184,3,5.835735
8,184,3,5.839719
8,185,3,5.843692
8,184,3,5.847652
8,184,3,5.851602
8,184,3,5.855539
16,6,3,6.150391
16,150,3,6.153417
8,184,3,5.859466
8,184,3,5.863381
8,184,3,5.867284
8,184,3,5.871176
8,184,3,5.875057
8,184,3,5.878927
8,184,3,5.882786
8,184,3,5.886633
8,184,3,5.890470
8,184,3,5.894296
8,184,3,5.898111
8,184,3,5.901915
8,184,3,5.905708
8,184,3,5.909491
8,184,3,5.913263
8,184,3,5.917024
8,184,3,5.920775
8,184,3,5.924515
8,184,3,5.928245
25,79,3,2.723615
16,150,3,6.156437
16,150,3,6.159450
16,150,3,6.162455
16,150,3,6.165454
16,150,3,6.168446
25,79,3,2.833213
23,86,3,1.628456
23,28,3,2.558300
24,80,3,2.546315
23,59,3,2.166274
2,3,3,2.887926
23,88,3,2.361797
10,28,3,2.689207
24,75,3,2.680600
28,38,3,1.593309
28,38,3,1.913387
28,38,3,2.161022
28,38,3,2.361932
16,186,3,6.171432
28,90,3,2.530517
28,38,3,2.675527
28,38,3,2.802633
28,38,3,2.915705
28,38,3,3.017494
28,38,3,3.110022
28,38,3,3.194817
28,38,3,3.273061
28,38,3,3.345685
28,38,3,3.413436
28,38,3,3.476923
28,38,3,3.536648
28,38,3,3.593029
28,38,3,3.646419
32,28,3,2.806507
24,161,3,2.800412
20,78,3,2.759807
28,79,3,3.697118
16,187,3,6.174411
16,187,3,6.177383
16,187,3,6.180348
16,187,3,6.183307
16,187,3,6.186259
16,187,3,6.189204
16,187,3,6.192143
16,187,3,6.195075
16,187,3,6.198001
16,187,3,6.200920
16,187,3,6.203833
16,187,3,6.206740
16,187,3,6.209640
16,187,3,6.212534
16,187,3,6.215421
16,187,3,6.218302
16,187,3,6.221177
16,187,3,6.224045
16,187,3,6.226907
28,38,3,3.745383
28,38,3,3.791436
28,38,3,3.835470
28,38,3,3.877655
28,38,3,3.918138
28,38,3,3.957051
28,38,3,3.994512
28,38,3,4.030623
28,38,3,4.065480
28,38,3,4.099166
28,38,3,4.131757
28,38,3,4.163322
28,38,3,4.193923
16,187,3,6.229763
10,86,3,2.393920
33,79,3,3.025291
16,188,3,6.232613
28,38,3,4.223617
28,38,3,4.252456
28,38,3,4.280489
28,38,3,4.307759
28,38,3,4.334306
28,38,3,4.360168
28,38,3,4.385378
28,38,3,4.409970
28,38,3,4.433972
28,38,3,4.457412
28,38,3,4.480317
28,38,3,4.502709
28,38,3,4.524611
28,38,3,4.546044
28,38,3,4.567028
16,188,3,6.235456
2,13,3,2.972881
16,189,3,6.238294
16,189,3,6.241125
16,189,3,6.243950
16,189,3,6.246769
16,189,3,6.249582
16,189,3,6.252389
16,189,3,6.255190
16,189,3,6.257985
16,189,3,6.260774
16,189,3,6.263557
16,189,3,6.266334
16,189,3,6.269105
16,189,3,6.271871
16,189,3,6.274630
16,189,3,6.277384
16,189,3,6.280132
16,190,3,6.282874
28,38,3,4.587581
28,38,3,4.607721
28,38,3,4.627463
28,38,3,4.646824
28,38,3,4.665817
28,38,3,4.684457
28,38,3,4.702755
28,38,3,4.720725
28,38,3,4.738379
28,38,3,4.755726
28,38,3,4.772777
28,38,3,4.789543
28,38,3,4.806033
16,189,3,6.285610
22,88,3,2.106570
2,94,3,3.052425
21,85,3,2.089131
2,27,3,3.127151
32,28,3,2.912622
24,161,3,2.908430
7,26,3,1.576915
7,73,3,2.218334
7,74,3,2.168368
7,78,3,2.856293
6,10,3,3.159656
7,86,3,2.541827
7,74,3,2.687167
28,82,3,4.822255
7,85,3,2.814210
7,78,3,2.945842
19,88,3,2.241241
2,76,3,3.197565
2,82,3,3.264102
2,8,3,3.327135
29,75,3,5.731649
29,94,3,5.737915
29,79,3,5.744143
25,82,3,2.892784
25,82,3,2.983153
8,27,3,5.931964
20,88,3,2.614339
20,77,3,2.724380
16,189,3,6.288341
16,189,3,6.291066
16,189,3,6.293785
16,189,3,6.296499
16,189,3,6.299207
16,189,3,6.301909
25,8,3,2.711046
25,82,3,3.067122
25,27,3,2.925310
25,94,3,3.018935
28,80,3,4.838219
28,76,3,4.853932
28,82,3,4.869402
16,191,3,6.304606
16,191,3,6.307297
19,28,3,3.009403
24,76,3,3.006672
28,38,3,4.884636
28,38,3,4.899642
28,38,3,4.914426
28,38,3,4.928995
28,38,3,4.943355
28,38,3,4.957512
28,38,3,4.971471
28,38,3,4.985238
28,38,3,4.998818
28,38,3,5.012217
28,38,3,5.025438
28,38,3,5.038487
28,38,3,5.051368
16,192,3,6.309982
16,192,3,6.312662
16,192,3,6.315337
16,192,3,6.318006
28,23,3,5.064085
28,23,3,5.076642
28,23,3,5.089044
28,23,3,5.101294
28,23,3,5.113396
28,23,3,5.125353
28,23,3,5.137169
28,23,3,5.148847
28,23,3,5.160390
28,23,3,5.171801
28,23,3,5.183084
28,23,3,5.194241
28,23,3,5.205275
28,23,3,5.216188
28,23,3,5.226984
28,23,3,5.237665
28,23,3,5.248232
28,23,3,5.258689
28,23,3,5.269038
28,23,3,5.279281
28,23,3,5.289420
28,23,3,5.299458
28,23,3,5.309396
28,23,3,5.319236
28,23,3,5.328980
28,23,3,5.338630
28,23,3,5.348187
28,23,3,5.357655
28,38,3,5.367034
28,38,3,5.376325
28,38,3,5.385531
28,38,3,5.394653
28,38,3,5.403693
28,38,3,5.412651
28,38,3,5.421530
28,38,3,5.430331
28,38,3,5.439055
28,38,3,5.447704
28,38,3,5.456279
28,38,3,5.464781
28,38,3,5.473211
34,43,3,2.044850
34,44,3,3.000046
34,44,3,3.077427
34,44,3,3.150247
16,192,3,6.320669
16,192,3,6.323327
16,192,3,6.325980
16,192,3,6.328627
16,192,3,6.331268
16,192,3,6.333905
16,192,3,6.336536
16,192,3,6.339161
16,192,3,6.341782
16,192,3,6.344397
16,192,3,6.347007
16,192,3,6.349611
16,192,3,6.352210
34,43,3,2.397895
34,44,3,3.218970
34,44,3,3.284000
34,44,3,3.345685
34,44,3,3.404328
16,193,3,6.354804
16,193,3,6.357393
16,193,3,6.359977
16,193,3,6.362555
16,193,3,6.365129
16,193,3,6.367697
16,193,3,6.370260
16,193,3,6.372818
16,193,3,6.375371
16,193,3,6.377919
16,193,3,6.380462
16,193,3,6.383000
28,38,3,5.481570
28,38,3,5.489861
28,38,3,5.498083
28,38,3,5.506238
34,44,3,3.460194
34,44,3,3.513518
34,44,3,3.564506
34,43,3,3.295837
5,9,3,2.247495
20,88,3,2.825537
28,194,3,5.514327
28,194,3,5.522351
28,36,3,5.530312
28,194,3,5.538209
28,36,3,5.546045
28,36,3,5.553820
28,194,3,5.561534
28,36,3,5.569190
28,194,3,5.576788
25,27,3,3.105304
16,118,3,6.385533
34,43,3,3.367296
34,44,3,3.613341
34,44,3,3.660186
34,44,3,3.705188
28,194,3,5.584328
28,36,3,5.591812
28,194,3,5.599240
28,36,3,5.606614
28,36,3,5.613933
28,194,3,5.621200
28,36,3,5.628414
28,194,3,5.635576
22,74,3,2.602690
16,195,3,6.388061
16,195,3,6.390583
16,195,3,6.393101
16,195,3,6.395614
16,195,3,6.398123
16,195,3,6.400626
16,195,3,6.403124
16,195,3,6.405618
16,195,3,6.408106
16,195,3,6.410590
16,195,3,6.413069
16,195,3,6.415544
16,195,3,6.418013
16,195,3,6.420478
16,195,3,6.422938
14,27,3,1.229641
14,27,3,1.628456
21,87,3,2.247495
21,73,3,2.393920
21,78,3,3.029305
21,81,3,2.634950
34,43,3,3.610918
34,44,3,3.748477
34,44,3,3.790172
34,44,3,3.830379
1,80,3,2.670506
1,27,3,1.764731
22,59,3,2.372111
22,77,3,2.541827
6,10,3,3.238678
1,82,3,3.218876
16,196,3,6.425393
16,197,3,6.427844
16,196,3,6.430290
1,80,3,2.794839
1,76,3,2.892784
1,75,3,2.546315
16,196,3,6.432731
16,198,3,6.435167
16,196,3,6.437599
16,196,3,6.440027
16,196,3,6.442449
16,196,3,6.444868
16,196,3,6.447281
16,196,3,6.449690
16,196,3,6.452095
16,199,3,6.454494
16,196,3,6.456890
16,196,3,6.459281
16,200,3,6.461667
25,8,3,3.185408
16,196,3,6.464049
2,3,3,3.386990
16,196,3,6.466427
16,196,3,6.468800
16,196,3,6.471168
16,201,3,6.473533
25,94,3,3.260053
20,78,3,3.107397
1,82,3,3.287869
1,94,3,2.800412
34,43,3,3.806662
34,43,3,3.850148
1,27,3,2.908430
25,82,3,3.352924
34,44,3,3.891820
34,43,3,3.931826
34,44,3,3.970292
34,44,3,4.007333
16,40,3,6.475893
16,40,3,6.478248
16,40,3,6.480599
16,40,3,6.482946
16,40,3,6.485289
16,40,3,6.487627
16,40,3,6.489961
16,40,3,6.492290
20,74,3,3.005835
16,40,3,6.494615
14,27,3,1.928619
19,81,3,2.530517
28,194,3,5.642687
28,194,3,5.649749
28,194,3,5.656760
28,194,3,5.663723
28,194,3,5.670638
18,82,3,3.414443
21,81,3,2.742130
22,81,3,3.183041
22,89,3,2.825537
30,8,3,2.908430
20,26,3,3.086791
24,82,3,3.472768
20,59,3,3.162578
20,28,3,3.233771
20,74,3,3.300861
20,85,3,3.364266
20,77,3,3.424344
20,81,3,3.481408
20,78,3,3.535728
20,89,3,3.587543
28,194,3,5.677505
28,194,3,5.684326
28,194,3,5.691100
28,194,3,5.697828
28,194,3,5.704512
28,194,3,5.711151
28,194,3,5.717747
28,194,3,5.724299
28,194,3,5.730809
28,194,3,5.737276
28,194,3,5.743702
28,194,3,5.750087
30,107,3,3.244533
30,107,3,3.294295
30,107,3,3.342341
30,107,3,3.388774
30,107,3,3.433689
30,107,3,3.477173
30,107,3,3.519306
30,107,3,3.560162
30,107,3,3.599808
30,107,3,3.638309
30,107,3,3.675722
30,107,3,3.712102
30,107,3,3.747499
30,107,3,3.781961
30,107,3,3.815532
30,107,3,3.848252
30,107,3,3.880161
30,107,3,3.911293
30,107,3,3.941683
30,107,3,3.971363
30,107,3,4.000361
30,107,3,4.028707
30,107,3,4.056426
30,108,3,3.947081
30,107,3,4.083544
30,107,3,4.110084
30,107,3,4.136068
30,107,3,4.161517
30,107,3,4.186451
30,107,3,4.210889
30,107,3,4.234849
30,107,3,4.258348
30,107,3,4.281401
30,107,3,4.304024
30,107,3,4.326232
30,109,3,4.326438
30,107,3,4.352442
30,107,3,4.377790
30,108,3,4.402515
27,22,3,4.345921
27,22,3,4.362490
27,22,3,4.378863
27,22,3,4.395047
27,22,3,4.411043
27,22,3,4.426857
27,22,3,4.442491
27,22,3,4.457950
27,22,3,4.473238
27,22,3,4.488356
27,22,3,4.503310
27,22,3,4.518102
27,22,3,4.532735
27,22,3,4.547213
27,22,3,4.561538
27,22,3,4.575713
27,22,3,4.589742
27,22,3,4.603626
28,83,3,5.756432
30,107,3,4.426647
2,13,3,3.443950
30,202,3,4.450212
30,107,3,4.473238
30,203,3,4.495747
30,203,3,4.517763
30,203,3,4.539307
30,203,3,4.560398
30,203,3,4.581055
30,203,3,4.601296
30,203,3,4.621137
30,203,3,4.640592
30,203,3,4.659678
30,203,3,4.678408
30,203,3,4.696794
30,203,3,4.714849
30,203,3,4.732585
30,203,3,4.750013
30,203,3,4.767143
30,203,3,4.783986
30,203,3,4.800550
30,203,3,4.816845
30,203,3,4.832879
30,203,3,4.848661
30,203,3,4.864198
30,203,3,4.879498
30,203,3,4.894568
30,203,3,4.909414
30,203,3,4.924044
30,203,3,4.938464
30,203,3,4.952678
30,203,3,4.966694
30,203,3,4.980517
30,203,3,4.994151
30,203,3,5.007603
30,203,3,5.020876
30,108,3,5.033976
30,203,3,5.046906
30,203,3,5.059672
30,203,3,5.072277
30,203,3,5.084725
26,82,3,3.528197
26,80,3,2.906144
26,79,3,3.189353
27,22,3,4.617369
27,22,3,4.630973
26,8,3,3.013572
15,26,3,2.106570
34,44,3,4.043051
34,44,3,4.077537
34,43,3,4.110874
34,44,3,4.143135
34,43,3,4.174387
34,44,3,4.204693
34,44,3,4.234107
34,44,3,4.262680
16,204,3,6.496937
16,204,3,6.499253
16,204,3,6.501566
16,204,3,6.503874
16,204,3,6.506178
16,204,3,6.508478
16,204,3,6.510774
17,79,3,3.263101
30,109,3,5.097021
34,44,3,4.290459
30,108,3,5.109167
34,43,3,4.317488
34,44,3,4.343805
34,43,3,4.369448
34,44,3,4.394449
34,44,3,4.418841
30,205,3,5.121168
30,107,3,5.133027
30,107,3,5.144747
30,205,3,5.156331
27,22,3,4.644441
30,109,3,5.167783
30,205,3,5.179105
30,108,3,5.190301
30,205,3,5.201373
27,22,3,4.657774
30,107,3,5.212324
30,107,3,5.223156
30,108,3,5.233872
30,107,3,5.244475
30,107,3,5.254967
30,205,3,5.265350
30,107,3,5.275627
30,205,3,5.285799
30,107,3,5.295868
30,107,3,5.305838
30,107,3,5.315709
30,107,3,5.325483
30,108,3,5.335163
30,205,3,5.344751
30,107,3,5.354247
30,205,3,5.363655
30,205,3,5.372974
30,107,3,5.382208
30,205,3,5.391357
30,205,3,5.400423
30,107,3,5.409408
30,107,3,5.418313
30,108,3,5.427140
30,205,3,5.435889
30,107,3,5.444563
19,78,3,3.249774
30,107,3,5.453162
30,205,3,5.461687
30,107,3,5.470141
30,107,3,5.478524
30,107,3,5.486837
30,107,3,5.495082
30,205,3,5.503259
30,205,3,5.511370
30,205,3,5.519416
30,107,3,5.527398
30,107,3,5.535316
30,107,3,5.543173
30,205,3,5.550968
30,108,3,5.558703
30,107,3,5.566378
30,108,3,5.573995
30,108,3,5.581555
30,205,3,5.589058
30,107,3,5.596505
30,108,3,5.603897
30,107,3,5.611235
28,194,3,5.762736
28,194,3,5.769001
28,194,3,5.775227
28,194,3,5.781415
28,194,3,5.787564
28,194,3,5.793676
28,194,3,5.799751
28,194,3,5.805789
28,194,3,5.811791
28,194,3,5.817757
28,194,3,5.823687
28,194,3,5.829583
28,194,3,5.835444
28,194,3,5.841271
28,194,3,5.847064
28,194,3,5.852824
30,79,3,5.618519
30,1,3,5.625751
30,1,3,5.632931
30,2,3,5.640059
30,1,3,5.647138
30,1,3,5.654166
30,2,3,5.661146
30,2,3,5.668077
30,1,3,5.674960
30,2,3,5.681797
30,1,3,5.688587
30,1,3,5.695331
30,1,3,5.702030
30,1,3,5.708685
30,1,3,5.715295
30,1,3,5.721863
30,1,3,5.728387
30,1,3,5.734869
30,1,3,5.741309
30,1,3,5.747709
30,1,3,5.754067
30,1,3,5.760385
30,1,3,5.766664
30,1,3,5.772904
30,1,3,5.779105
30,2,3,5.785267
30,1,3,5.791392
30,1,3,5.797480
30,1,3,5.803531
28,194,3,5.858551
28,194,3,5.864245
28,194,3,5.869907
28,194,3,5.875537
28,194,3,5.881136
28,194,3,5.886703
28,194,3,5.892240
28,194,3,5.897746
28,194,3,5.903222
28,194,3,5.908668
28,194,3,5.914085
28,194,3,5.919473
19,73,3,2.765312
2,76,3,3.498264
27,107,3,4.878272
27,107,3,4.891899
27,107,3,4.905363
27,107,3,4.918668
27,107,3,4.931818
27,107,3,4.944816
27,107,3,4.957665
27,107,3,4.970369
27,107,3,4.982930
27,107,3,4.995352
27,107,3,5.007637
27,107,3,5.019788
27,107,3,5.031808
27,107,3,5.043700
27,108,3,4.843220
27,107,3,5.055466
27,109,3,4.866083
27,107,3,5.067109
27,107,3,5.078631
27,107,3,5.090034
27,107,3,5.101321
27,107,3,5.112494
27,107,3,5.123555
27,107,3,5.134506
27,107,3,5.145350
27,107,3,5.156088
27,107,3,5.166722
27,107,3,5.177254
27,107,3,5.187686
27,107,3,5.198020
27,107,3,5.208258
27,107,3,5.218400
27,107,3,5.228450
27,107,3,5.238407
27,107,3,5.248275
27,107,3,5.258055
27,107,3,5.267747
27,108,3,5.084482
27,107,3,5.277354
30,5,3,5.809545
30,6,3,5.815524
34,43,3,4.442651
34,107,3,5.286877
34,107,3,5.296318
34,107,3,5.305677
34,109,3,4.532599
34,107,3,5.314956
34,107,3,5.324156
34,107,3,5.333279
34,107,3,5.342326
34,107,3,5.351298
34,107,3,5.360196
34,107,3,5.369021
34,107,3,5.377775
34,107,3,5.386458
34,107,3,5.395072
34,107,3,5.403618
34,107,3,5.412097
34,107,3,5.420509
34,107,3,5.428856
34,107,3,5.437139
34,107,3,5.445358
34,107,3,5.453515
34,107,3,5.461610
34,107,3,5.469645
34,107,3,5.477620
34,107,3,5.485536
34,107,3,5.493394
34,107,3,5.501195
34,107,3,5.508939
34,107,3,5.516627
34,107,3,5.524261
34,108,3,4.990433
34,107,3,5.531840
34,107,3,5.539366
34,107,3,5.546839
34,107,3,5.554260
34,107,3,5.561629
1,82,3,3.580990
34,108,3,5.068904
34,107,3,5.568948
34,107,3,5.576217
22,78,3,3.315004
24,76,3,3.179719
19,86,3,2.867574
19,28,3,3.180419
19,89,3,3.048820
19,85,3,3.129826
27,43,3,5.103459
27,44,3,5.112842
27,44,3,5.122155
27,44,3,5.131400
19,77,3,3.205474
28,126,3,5.924831
21,74,3,2.840901
2,27,3,3.550151
28,194,3,5.930161
28,194,3,5.935463
28,194,3,5.940737
28,194,3,5.945983
28,194,3,5.951202
7,74,3,3.028463
2,79,3,3.599806
30,23,3,5.821467
30,23,3,5.827374
30,23,3,5.833248
30,23,3,5.839087
30,23,3,5.844892
30,23,3,5.850663
30,23,3,5.856402
30,23,3,5.862107
30,23,3,5.867781
30,23,3,5.873422
30,23,3,5.879032
30,23,3,5.884610
30,23,3,5.890158
30,23,3,5.895675
30,23,3,5.901161
30,23,3,5.906618
30,23,3,5.912045
30,23,3,5.917443
30,23,3,5.922812
30,23,3,5.928152
30,23,3,5.933464
30,23,3,5.938748
30,23,3,5.944004
30,23,3,5.949232
30,23,3,5.954433
30,23,3,5.959608
30,23,3,5.964756
30,23,3,5.969877
28,194,3,5.956394
28,194,3,5.961559
28,194,3,5.966697
27,38,3,5.187386
27,38,3,5.198497
27,38,3,5.209486
27,38,3,5.220356
30,23,3,5.974973
30,23,3,5.980042
30,23,3,5.985086
30,23,3,5.990105
30,23,3,5.995098
30,23,3,6.000067
30,23,3,6.005012
30,23,3,6.009931
30,23,3,6.014827
30,23,3,6.019699
30,23,3,6.024548
30,23,3,6.029373
30,23,3,6.034175
30,23,3,6.038953
30,23,3,6.043710
30,23,3,6.048443
30,23,3,6.053155
30,23,3,6.057844
30,23,3,6.062511
30,23,3,6.067157
30,23,3,6.071781
30,23,3,6.076384
30,23,3,6.080966
30,23,3,6.085527
30,23,3,6.090067
30,23,3,6.094587
30,23,3,6.099087
30,23,3,6.103566
23,26,3,2.527327
34,44,3,5.105945
34,43,3,5.117994
34,44,3,5.129899
34,44,3,5.141664
34,44,3,5.153292
34,43,3,5.164786
28,194,3,5.971809
34,44,3,5.176150
34,44,3,5.187386
34,44,3,5.198497
34,43,3,5.209486
27,38,3,5.231109
27,38,3,5.241747
27,38,3,5.252273
27,38,3,5.262690
27,38,3,5.273000
27,38,3,5.283204
27,38,3,5.293305
27,38,3,5.303305
27,38,3,5.313206
27,38,3,5.323010
27,38,3,5.332719
27,38,3,5.342334
27,38,3,5.351858
30,12,3,6.108025
27,38,3,5.361292
27,38,3,5.370638
27,38,3,5.379897
27,38,3,5.389072
30,206,3,6.112465
30,206,3,6.116885
30,190,3,6.121285
30,206,3,6.125666
30,206,3,6.130028
30,206,3,6.134372
30,206,3,6.138696
30,206,3,6.143002
30,206,3,6.147289
30,206,3,6.151558
30,206,3,6.155809
30,206,3,6.160042
30,206,3,6.164257
30,206,3,6.168454
30,206,3,6.172634
30,206,3,6.176796
30,206,3,6.180941
30,206,3,6.185069
30,206,3,6.189180
30,206,3,6.193275
30,206,3,6.197352
30,206,3,6.201413
30,206,3,6.205458
30,206,3,6.209486
30,206,3,6.213498
30,206,3,6.217494
30,206,3,6.221474
30,206,3,6.225439
30,206,3,6.229388
30,206,3,6.233321
23,26,3,2.670556
2,80,3,3.647400
23,74,3,2.823198
3,4,3,1.150572
2,82,3,3.693088
20,74,3,3.637060
28,56,3,5.976895
28,56,3,5.981955
28,56,3,5.986990
28,56,3,5.992000
28,56,3,5.996985
28,56,3,6.001945
28,56,3,6.006880
28,56,3,6.011791
28,56,3,6.016679
28,56,3,6.021542
28,23,3,6.026382
28,23,3,6.031199
28,23,3,6.035992
28,23,3,6.040763
28,23,3,6.045511
28,23,3,6.050237
28,23,3,6.054940
28,23,3,6.059622
28,23,3,6.064281
28,207,3,6.068919
28,207,3,6.073536
28,23,3,6.078131
28,23,3,6.082705
28,23,3,6.087259
28,23,3,6.091791
28,23,3,6.096304
28,23,3,6.100796
28,23,3,6.105268
28,23,3,6.109720
28,23,3,6.114152
28,23,3,6.118565
28,23,3,6.122959
28,23,3,6.127333
28,23,3,6.131688
28,23,3,6.136024
28,23,3,6.140342
28,23,3,6.144641
28,23,3,6.148922
28,23,3,6.153184
27,38,3,5.398163
27,38,3,5.407172
27,38,3,5.416100
27,38,3,5.424950
27,38,3,5.433722
27,38,3,5.442418
27,38,3,5.451038
27,38,3,5.459586
27,38,3,5.468060
27,38,3,5.476464
27,38,3,5.484797
27,38,3,5.493061
27,38,3,5.501258
21,73,3,2.932383
27,61,3,5.418040
27,61,3,5.425322
27,61,3,5.432561
27,61,3,5.439757
27,61,3,5.446910
27,61,3,5.454021
27,61,3,5.461090
27,61,3,5.468119
27,61,3,5.475106
27,61,3,5.482053
27,61,3,5.488961
27,61,3,5.495829
27,61,3,5.502658
27,61,3,5.509448
27,61,3,5.516200
27,61,3,5.522915
27,61,3,5.529591
27,61,3,5.536231
27,61,3,5.542835
27,61,3,5.549401
27,61,3,5.555932
27,61,3,5.562428
27,61,3,5.568888
27,61,3,5.575314
27,61,3,5.581704
27,61,3,5.588061
27,61,3,5.594384
27,61,3,5.600674
27,61,3,5.606930
27,61,3,5.613153
27,61,3,5.619344
27,61,3,5.625503
27,61,3,5.631630
14,36,3,2.944439
14,194,3,4.859812
35,40,3,3.025291
14,194,3,4.875197
14,36,3,3.044522
14,36,3,3.135494
14,36,3,3.218876
14,194,3,4.890349
14,194,3,4.905275
35,40,3,3.110336
35,40,3,3.189353
35,40,3,3.263101
35,40,3,3.332205
35,40,3,3.397189
35,40,3,3.458498
35,40,3,3.516508
5,9,3,2.389549
27,208,3,5.637725
27,208,3,5.643789
27,208,3,5.649822
27,208,3,5.655825
27,208,3,5.661797
27,208,3,5.667738
27,208,3,5.673650
34,44,3,5.220356
34,44,3,5.231109
34,44,3,5.241747
34,43,3,5.252273
34,123,3,5.262690
34,43,3,5.273000
34,43,3,5.283204
34,44,3,5.293305
34,43,3,5.303305
30,206,3,6.237239
30,206,3,6.241141
30,206,3,6.245029
30,206,3,6.248901
30,206,3,6.252758
30,206,3,6.256601
30,206,3,6.260429
30,206,3,6.264242
30,206,3,6.268041
30,206,3,6.271825
30,206,3,6.275595
30,206,3,6.279351
30,206,3,6.283093
30,206,3,6.286821
30,206,3,6.290535
30,206,3,6.294236
30,206,3,6.297923
30,206,3,6.301596
30,206,3,6.305255
30,206,3,6.308902
35,209,3,2.944439
35,210,3,3.044522
28,56,3,6.157428
28,56,3,6.161655
28,56,3,6.165863
28,56,3,6.170054
30,62,3,6.312535
30,62,3,6.316155
30,62,3,6.319762
30,62,3,6.323356
30,62,3,6.326937
30,62,3,6.330506
28,56,3,6.174227
30,62,3,6.334061
28,56,3,6.178384
28,56,3,6.182522
28,56,3,6.186644
28,56,3,6.190749
28,56,3,6.194837
30,62,3,6.337604
30,62,3,6.341135
35,38,3,5.509388
35,38,3,5.517453
35,38,3,5.525453
35,38,3,5.533389
30,62,3,6.344653
30,62,3,6.348159
30,62,3,6.351653
30,62,3,6.355134
30,62,3,6.358603
30,62,3,6.362061
30,62,3,6.365506
30,62,3,6.368940
30,62,3,6.372362
30,62,3,6.375772
30,62,3,6.379170
30,62,3,6.382558
30,62,3,6.385933
30,62,3,6.389298
34,21,3,5.313206
34,21,3,5.323010
34,21,3,5.332719
34,21,3,5.342334
34,21,3,5.351858
34,21,3,5.361292
34,21,3,5.370638
34,21,3,5.379897
34,21,3,5.389072
34,21,3,5.398163
34,21,3,5.407172
34,21,3,5.416100
34,21,3,5.424950
34,21,3,5.433722
34,21,3,5.442418
34,21,3,5.451038
34,21,3,5.459586
34,21,3,5.468060
34,21,3,5.476464
34,21,3,5.484797
34,21,3,5.493061
34,21,3,5.501258
34,21,3,5.509388
34,21,3,5.517453
34,21,3,5.525453
34,21,3,5.533389
34,21,3,5.541264
34,21,3,5.549076
34,21,3,5.556828
34,21,3,5.564520
34,21,3,5.572154
34,21,3,5.579730
34,21,3,5.587249
34,21,3,5.594711
34,21,3,5.602119
34,21,3,5.609472
34,21,3,5.616771
34,21,3,5.624018
34,21,3,5.631212
34,21,3,5.638355
34,21,3,5.645447
34,21,3,5.652489
34,21,3,5.659482
34,21,3,5.666427
34,21,3,5.673323
34,21,3,5.680173
34,21,3,5.686975
34,21,3,5.693732
34,21,3,5.700444
34,21,3,5.707110
34,21,3,5.713733
34,21,3,5.720312
34,21,3,5.726848
34,21,3,5.733341
34,21,3,5.739793
34,21,3,5.746203
34,21,3,5.752573
34,21,3,5.758902
34,21,3,5.765191
34,21,3,5.771441
34,21,3,5.777652
36,1,3,4.744181
36,1,3,4.759702
36,1,3,4.775013
36,1,3,4.790119
36,1,3,4.805026
36,2,3,3.139400
36,2,3,3.209229
36,2,3,3.275234
36,1,3,4.819738
36,1,3,4.834261
36,1,3,4.848598
36,2,3,3.337781
36,1,3,4.862754
36,1,3,4.876733
36,1,3,4.890540
30,62,3,6.392651
30,62,3,6.395992
30,62,3,6.399323
30,62,3,6.402643
30,62,3,6.405951
30,62,3,6.409249
30,62,3,6.412536
30,62,3,6.415812
30,62,3,6.419078
28,211,3,6.198909
36,1,3,4.904179
36,1,3,4.917652
36,1,3,4.930965
36,1,3,4.944120
36,1,3,4.957121
36,1,3,4.969972
36,1,3,4.982676
36,1,3,4.995235
36,2,3,3.891820
36,1,3,5.007653
36,1,3,5.019934
36,1,3,5.032079
36,1,3,5.044091
28,212,3,6.202964
30,94,3,6.422332
28,94,3,6.207002
35,38,3,5.541264
35,38,3,5.549076
35,38,3,5.556828
35,38,3,5.564520
35,38,3,5.572154
35,38,3,5.579730
35,38,3,5.587249
35,38,3,5.594711
35,38,3,5.602119
35,38,3,5.609472
35,38,3,5.616771
35,38,3,5.624018
35,38,3,5.631212
14,18,3,3.187674
14,18,3,3.265950
14,18,3,3.338654
14,18,3,3.406517
14,18,3,3.470134
14,18,3,3.530001
14,18,3,3.586530
14,18,3,3.640071
14,18,3,3.690921
14,18,3,3.739335
14,18,3,3.785534
34,18,3,5.783825
34,18,3,5.789960
34,18,3,5.796058
34,18,3,5.802118
34,18,3,5.808142
34,18,3,5.814131
34,18,3,5.820083
34,18,3,5.826000
34,18,3,5.831882
34,18,3,5.837730
34,18,3,5.843544
35,38,3,5.638355
35,38,3,5.645447
35,38,3,5.652489
35,38,3,5.659482
28,194,3,6.211025
36,104,3,4.077537
36,1,3,5.055974
34,18,3,5.849325
34,18,3,5.855072
36,1,3,5.067730
36,2,3,4.174387
36,1,3,5.079362
36,2,3,4.234107
36,104,3,4.262680
36,7,3,4.290459
7,74,3,3.120601
34,18,3,5.860786
34,18,3,5.866468
34,18,3,5.872118
36,1,3,5.090871
36,1,3,5.102261
36,1,3,5.113534
36,1,3,5.124691
36,1,3,5.135736
36,1,3,5.146670
36,1,3,5.157496
30,62,3,6.425577
30,62,3,6.428810
30,62,3,6.432034
30,62,3,6.435247
30,62,3,6.438450
30,62,3,6.441642
30,213,3,6.444824
28,194,3,6.215031
28,194,3,6.219021
28,194,3,6.222996
14,80,3,3.829711
35,34,3,4.174387
35,34,3,4.204693
35,34,3,4.234107
35,34,3,4.262680
35,34,3,4.290459
35,34,3,4.317488
35,34,3,4.343805
34,18,3,5.877736
34,18,3,5.883322
14,18,3,3.872034
26,82,3,3.679550
36,1,3,5.168215
36,1,3,5.178830
36,1,3,5.189342
36,1,3,5.199753
36,1,3,5.210066
36,1,3,5.220281
36,1,3,5.230401
36,1,3,5.240428
36,1,3,5.250362
36,1,3,5.260206
36,1,3,5.269961
36,1,3,5.279628
36,2,3,4.727388
30,62,3,6.447997
30,62,3,6.451159
30,62,3,6.454311
30,62,3,6.457453
30,62,3,6.460586
30,62,3,6.463709
30,62,3,6.466822
30,62,3,6.469925
30,62,3,6.473019
36,84,3,4.744932
30,79,3,6.476103
36,84,3,4.762174
36,84,3,4.779123
36,84,3,4.795791
36,84,3,4.812184
36,84,3,4.828314
36,84,3,4.844187
36,84,3,4.859812
36,84,3,4.875197
36,84,3,4.890349
36,84,3,4.905275
36,84,3,4.919981
36,84,3,4.934474
36,84,3,4.948760
36,84,3,4.962845
36,84,3,4.976734
36,84,3,4.990433
36,84,3,5.003946
36,84,3,5.017280
36,84,3,5.030438
36,84,3,5.043425
36,84,3,5.056246
36,84,3,5.068904
36,84,3,5.081404
36,84,3,5.093750
36,84,3,5.105945
36,84,3,5.117994
36,84,3,5.129899
34,18,3,5.888878
34,18,3,5.894403
34,18,3,5.899897
28,36,3,6.226954
28,36,3,6.230897
28,194,3,6.234825
28,36,3,6.238737
28,194,3,6.242634
28,36,3,6.246516
28,194,3,6.250383
28,194,3,6.254234
35,34,3,4.369448
35,90,3,4.394449
35,34,3,4.418841
35,34,3,4.442651
18,75,3,2.546315
2,3,3,3.737008
36,84,3,5.141664
36,84,3,5.153292
36,84,3,5.164786
36,84,3,5.176150
36,84,3,5.187386
36,84,3,5.198497
36,84,3,5.209486
36,84,3,5.220356
36,84,3,5.231109
36,84,3,5.241747
36,84,3,5.252273
36,84,3,5.262690
36,84,3,5.273000
36,84,3,5.283204
36,84,3,5.293305
36,84,3,5.303305
36,84,3,5.313206
36,84,3,5.323010
36,84,3,5.332719
36,84,3,5.342334
36,84,3,5.351858
36,84,3,5.361292
36,84,3,5.370638
34,18,3,5.905362
34,18,3,5.910797
34,18,3,5.916202
24,94,3,4.248942
2,94,3,4.271342
22,28,3,3.256711
35,84,3,5.206581
35,84,3,5.215955
35,84,3,5.225255
35,84,3,5.234482
35,84,3,5.243637
35,84,3,5.252720
35,84,3,5.261734
35,84,3,5.270679
35,84,3,5.279556
35,84,3,5.288366
35,84,3,5.297109
35,84,3,5.305788
35,84,3,5.314402
35,84,3,5.322953
35,84,3,5.331441
35,84,3,5.339868
35,84,3,5.348234
35,84,3,5.356539
35,84,3,5.364786
35,84,3,5.372974
35,84,3,5.381105
35,84,3,5.389178
35,84,3,5.397196
35,84,3,5.405157
35,84,3,5.413065
35,84,3,5.420918
35,84,3,5.428718
35,84,3,5.436465
25,79,3,3.516508
34,34,3,5.921578
34,34,3,5.926926
34,34,3,5.932245
34,34,3,5.937536
34,34,3,5.942799
34,34,3,5.948035
34,34,3,5.953243
28,194,3,6.258072
28,194,3,6.261894
28,194,3,6.265702
35,84,3,5.444160
35,84,3,5.451803
35,84,3,5.459397
35,84,3,5.466939
35,84,3,5.474433
35,84,3,5.481878
35,84,3,5.489274
35,84,3,5.496622
35,84,3,5.503924
35,84,3,5.511179
35,84,3,5.518388
35,84,3,5.525551
35,84,3,5.532670
35,84,3,5.539744
35,84,3,5.546774
35,84,3,5.553761
35,214,3,5.164786
35,215,3,5.176150
8,80,3,5.935674
8,76,3,5.939372
8,8,3,5.943061
35,215,3,5.187386
35,214,3,5.198497
35,215,3,5.209486
35,215,3,5.220356
35,16,3,5.231109
30,62,3,6.479177
30,62,3,6.482243
30,62,3,6.485299
30,62,3,6.488345
30,62,3,6.491383
30,62,3,6.494411
30,62,3,6.497430
30,62,3,6.500440
8,79,3,5.946739
34,18,3,5.958425
34,18,3,5.963579
34,18,3,5.968708
34,18,3,5.973810
34,18,3,5.978886
34,18,3,5.983936
34,18,3,5.988961
34,18,3,5.993961
34,18,3,5.998937
34,18,3,6.003887
34,18,3,6.008813
35,215,3,5.241747
28,216,3,6.269495
28,216,3,6.273275
28,216,3,6.277040
35,215,3,5.252273
28,216,3,6.280790
28,216,3,6.284527
28,216,3,6.288250
28,216,3,6.291959
28,216,3,6.295654
28,216,3,6.299336
28,216,3,6.303004
28,216,3,6.306659
28,216,3,6.310301
28,216,3,6.313929
28,216,3,6.317544
35,215,3,5.262690
28,216,3,6.321146
35,215,3,5.273000
35,215,3,5.283204
28,216,3,6.324736
28,216,3,6.328312
35,215,3,5.293305
35,215,3,5.303305
35,215,3,5.313206
28,216,3,6.331876
35,215,3,5.323010
35,215,3,5.332719
28,216,3,6.335427
28,216,3,6.338965
28,216,3,6.342491
28,216,3,6.346005
28,216,3,6.349506
28,217,3,6.352995
28,216,3,6.356472
28,216,3,6.359937
28,216,3,6.363390
28,216,3,6.366831
28,216,3,6.370260
28,218,3,6.373678
28,216,3,6.377084
36,84,3,5.560706
36,84,3,5.567607
36,84,3,5.574467
36,84,3,5.581285
36,84,3,5.588063
36,84,3,5.594800
36,84,3,5.601497
36,84,3,5.608154
36,84,3,5.614773
36,84,3,5.621352
36,84,3,5.627893
14,90,3,3.912651
36,84,3,5.634397
36,84,3,5.640863
36,84,3,5.647291
30,219,3,6.503441
30,219,3,6.506433
30,219,3,6.509416
30,219,3,6.512390
30,219,3,6.515355
30,219,3,6.518312
30,219,3,6.521259
30,219,3,6.524199
30,219,3,6.527129
30,219,3,6.530051
30,219,3,6.532965
34,18,3,6.013715
34,220,3,6.018593
34,220,3,6.023448
34,220,3,6.028279
34,220,3,6.033086
34,220,3,6.037871
34,220,3,6.042633
34,220,3,6.047372
34,220,3,6.052089
34,220,3,6.056784
34,220,3,6.061457
34,220,3,6.066108
34,220,3,6.070738
34,220,3,6.075346
34,220,3,6.079933
34,220,3,6.084499
34,220,3,6.089045
34,220,3,6.093570
34,220,3,6.098074
34,220,3,6.102559
34,220,3,6.107023
34,12,3,6.111467
36,84,3,5.653684
34,221,3,6.115892
34,221,3,6.120297
34,221,3,6.124683
34,221,3,6.129050
34,221,3,6.133398
34,221,3,6.137727
34,221,3,6.142037
34,221,3,6.146329
34,221,3,6.150603
34,221,3,6.154858
34,221,3,6.159095
34,221,3,6.163315
34,221,3,6.167516
34,221,3,6.171701
34,221,3,6.175867
34,221,3,6.180017
34,221,3,6.184149
34,221,3,6.188264
34,221,3,6.192362
34,221,3,6.196444
34,221,3,6.200509
34,221,3,6.204558
34,221,3,6.208590
34,221,3,6.212606
34,221,3,6.216606
34,221,3,6.220590
34,221,3,6.224558
34,221,3,6.228511
34,221,3,6.232448
34,221,3,6.236370
34,221,3,6.240276
34,221,3,6.244167
34,221,3,6.248043
34,221,3,6.251904
34,221,3,6.255750
34,221,3,6.259581
34,221,3,6.263398
34,221,3,6.267201
34,221,3,6.270988
34,221,3,6.274762
34,221,3,6.278521
34,221,3,6.282267
34,221,3,6.285998
34,221,3,6.289716
34,221,3,6.293419
29,76,3,5.750334
29,75,3,5.756489
6,10,3,3.312366
12,83,3,2.675527
28,216,3,6.380478
28,216,3,6.383861
28,216,3,6.387232
28,216,3,6.390592
28,216,3,6.393941
28,216,3,6.397279
28,216,3,6.400605
28,216,3,6.403921
28,216,3,6.407226
28,216,3,6.410519
28,216,3,6.413802
28,216,3,6.417074
28,216,3,6.420336
28,216,3,6.423587
28,216,3,6.426827
28,216,3,6.430057
28,216,3,6.433276
2,13,3,3.820027
28,222,3,6.436486
28,222,3,6.439684
28,222,3,6.442873
28,222,3,6.446052
28,216,3,6.449220
28,216,3,6.452379
28,222,3,6.455527
10,77,3,2.546315
2,75,3,3.859340
10,26,3,2.680600
10,81,3,2.800412
21,86,3,3.017494
21,28,3,3.327910
24,27,3,3.328483
21,59,3,3.171538
21,87,3,3.241654
21,73,3,3.307808
28,223,3,6.458666
28,223,3,6.461795
28,223,3,6.464914
28,223,3,6.468023
28,223,3,6.471123
28,223,3,6.474213
28,223,3,6.477294
21,74,3,3.370394
28,223,3,6.480365
28,223,3,6.483426
28,223,3,6.486479
28,223,3,6.489522
21,89,3,3.429755
21,81,3,3.486187
35,98,3,5.342334
35,98,3,5.351858
35,98,3,5.361292
35,98,3,5.370638
35,98,3,5.379897
35,98,3,5.389072
35,98,3,5.398163
35,98,3,5.407172
35,98,3,5.416100
35,98,3,5.424950
30,219,3,6.535870
10,59,3,2.908430
10,74,3,3.185408
10,81,3,3.096695
35,98,3,5.433722
35,98,3,5.442418
35,98,3,5.451038
35,98,3,5.459586
35,98,3,5.468060
35,98,3,5.476464
35,98,3,5.484797
35,98,3,5.493061
35,98,3,5.501258
35,98,3,5.509388
34,118,3,6.297109
1,79,3,3.623881
14,61,3,4.345955
14,61,3,4.367127
14,61,3,4.387935
14,61,3,4.408392
14,61,3,4.428506
14,61,3,4.448290
14,61,3,4.467753
14,61,3,4.486905
14,61,3,4.505753
14,61,3,4.524309
14,61,3,4.542578
14,61,3,4.560571
14,61,3,4.578294
14,61,3,4.595755
14,61,3,4.612960
14,61,3,4.629918
14,61,3,4.646633
14,61,3,4.663114
14,61,3,4.679365
14,61,3,4.695393
14,61,3,4.711203
14,61,3,4.726801
14,61,3,4.742192
14,61,3,4.757381
14,61,3,4.772373
14,61,3,4.787173
14,61,3,4.801785
28,224,3,6.492556
28,224,3,6.495581
28,224,3,6.498596
28,224,3,6.501603
28,224,3,6.504600
28,224,3,6.507589
28,224,3,6.510569
28,224,3,6.513539
28,224,3,6.516501
14,61,3,4.816213
28,224,3,6.519455
28,224,3,6.522399
14,61,3,4.830463
14,61,3,4.844537
14,61,3,4.858441
14,61,3,4.872178
14,61,3,4.885751
34,18,3,6.300786
35,98,3,5.517453
35,98,3,5.525453
35,98,3,5.533389
35,98,3,5.541264
35,98,3,5.549076
35,98,3,5.556828
35,98,3,5.564520
35,98,3,5.572154
35,98,3,5.579730
35,98,3,5.587249
35,98,3,5.594711
35,98,3,5.602119
35,98,3,5.609472
28,224,3,6.525335
28,224,3,6.528263
28,224,3,6.531181
28,224,3,6.534092
28,224,3,6.536993
28,224,3,6.539887
28,224,3,6.542772
28,224,3,6.545649
28,224,3,6.548517
14,61,3,4.899164
14,61,3,4.912421
14,61,3,4.925525
14,61,3,4.938479
14,61,3,4.951287
14,61,3,4.963952
14,61,3,4.976476
14,61,3,4.988863
14,61,3,5.001115
14,61,3,5.013235
14,61,3,5.025226
14,61,3,5.037090
14,61,3,5.048830
30,37,3,6.538766
14,8,3,4.969024
28,225,3,6.551378
28,225,3,6.554230
28,225,3,6.557074
28,225,3,6.559910
28,225,3,6.562738
28,225,3,6.565558
28,225,3,6.568370
28,225,3,6.571174
14,34,3,4.982820
14,34,3,4.996429
14,34,3,5.009856
14,34,3,5.023104
14,34,3,5.036180
14,34,3,5.049086
14,34,3,5.061829
11,74,3,3.260053
28,226,3,6.573971
28,226,3,6.576759
28,226,3,6.579540
28,226,3,6.582313
28,226,3,6.585079
28,226,3,6.587836
28,226,3,6.590587
28,226,3,6.593329
28,226,3,6.596064
28,226,3,6.598792
36,21,3,5.509388
35,44,3,5.616771
35,44,3,5.624018
35,43,3,5.631212
35,44,3,5.638355
36,21,3,5.517453
36,21,3,5.525453
36,21,3,5.533389
36,21,3,5.541264
36,21,3,5.549076
36,21,3,5.556828
36,21,3,5.564520
36,21,3,5.572154
36,21,3,5.579730
36,21,3,5.587249
36,21,3,5.594711
36,21,3,5.602119
36,21,3,5.609472
36,21,3,5.616771
36,21,3,5.624018
36,21,3,5.631212
36,21,3,5.638355
36,21,3,5.645447
36,21,3,5.652489
36,21,3,5.659482
35,98,3,5.645447
35,98,3,5.652489
35,98,3,5.659482
35,98,3,5.666427
35,98,3,5.673323
35,98,3,5.680173
35,98,3,5.686975
35,98,3,5.693732
35,98,3,5.700444
35,98,3,5.707110
34,227,3,6.304449
34,228,3,6.308098
34,228,3,6.311735
34,228,3,6.315358
34,228,3,6.318968
34,228,3,6.322565
34,228,3,6.326149
34,228,3,6.329721
34,228,3,6.333280
34,228,3,6.336826
34,228,3,6.340359
34,228,3,6.343880
34,228,3,6.347389
34,228,3,6.350886
34,228,3,6.354370
34,228,3,6.357842
34,228,3,6.361302
34,228,3,6.364751
34,228,3,6.368187
34,228,3,6.371612
34,228,3,6.375025
34,228,3,6.378426
34,228,3,6.381816
34,228,3,6.385194
34,228,3,6.388561
34,228,3,6.391917
34,228,3,6.395262
34,228,3,6.398595
34,228,3,6.401917
34,228,3,6.405228
34,228,3,6.408529
34,228,3,6.411818
34,228,3,6.415097
34,228,3,6.418365
34,228,3,6.421622
34,228,3,6.424869
34,228,3,6.428105
34,228,3,6.431331
34,228,3,6.434547
34,228,3,6.437752
35,43,3,5.713733
35,44,3,5.720312
35,133,3,5.726848
35,44,3,5.733341
35,44,3,5.739793
35,133,3,5.746203
35,229,3,5.752573
14,34,3,5.074411
14,34,3,5.086838
35,98,3,5.758902
35,98,3,5.765191
35,98,3,5.771441
35,98,3,5.777652
35,98,3,5.783825
35,98,3,5.789960
35,98,3,5.796058
35,98,3,5.802118
35,98,3,5.808142
35,98,3,5.814131
30,62,3,6.541654
30,62,3,6.544534
30,62,3,6.547406
30,62,3,6.550269
30,62,3,6.553125
30,62,3,6.555972
30,62,3,6.558811
30,62,3,6.561642
22,59,3,3.120601
22,78,3,3.376780
30,172,3,6.564465
30,172,3,6.567280
30,173,3,6.570087
30,173,3,6.572886
30,172,3,6.575678
30,172,3,6.578462
30,172,3,6.581238
30,172,3,6.584006
30,173,3,6.586766
30,173,3,6.589520
35,230,3,5.820083
35,230,3,5.826000
35,230,3,5.831882
35,230,3,5.837730
35,230,3,5.843544
35,230,3,5.849325
35,230,3,5.855072
35,230,3,5.860786
35,230,3,5.866468
35,230,3,5.872118
35,230,3,5.877736
35,230,3,5.883322
35,230,3,5.888878
35,230,3,5.894403
30,231,3,6.592265
30,231,3,6.595003
30,231,3,6.597734
30,231,3,6.600457
30,231,3,6.603172
30,231,3,6.605881
30,231,3,6.608582
30,231,3,6.611275
30,231,3,6.613962
30,231,3,6.616641
30,231,3,6.619313
30,232,3,6.621978
30,231,3,6.624636
30,231,3,6.627287
30,231,3,6.629931
30,231,3,6.632568
30,231,3,6.635198
30,231,3,6.637821
30,231,3,6.640437
30,231,3,6.643047
34,107,3,6.440947
34,205,3,6.444131
34,107,3,6.447306
34,107,3,6.450470
34,205,3,6.453625
34,108,3,6.456770
34,107,3,6.459904
34,107,3,6.463029
34,205,3,6.466145
34,110,3,6.469250
34,108,3,6.472346
34,107,3,6.475433
34,205,3,6.478510
34,107,3,6.481577
34,205,3,6.484635
34,107,3,6.487684
34,107,3,6.490724
34,107,3,6.493754
34,205,3,6.496775
34,108,3,6.499787
34,205,3,6.502790
34,109,3,6.505784
34,205,3,6.508769
34,107,3,6.511745
34,107,3,6.514713
34,107,3,6.517671
34,107,3,6.520621
34,107,3,6.523562
34,108,3,6.526495
34,107,3,6.529419
34,107,3,6.532334
34,108,3,6.535241
34,108,3,6.538140
34,107,3,6.541030
34,108,3,6.543912
34,205,3,6.546785
34,107,3,6.549651
34,107,3,6.552508
34,107,3,6.555357
34,205,3,6.558198
34,205,3,6.561031
34,205,3,6.563856
34,107,3,6.566672
34,107,3,6.569481
34,107,3,6.572283
34,205,3,6.575076
34,107,3,6.577861
34,107,3,6.580639
34,205,3,6.583409
34,108,3,6.586172
34,107,3,6.588926
34,205,3,6.591674
34,205,3,6.594413
34,205,3,6.597146
34,205,3,6.599870
14,93,3,5.099111
21,78,3,3.539948
30,233,3,6.645649
30,233,3,6.648245
30,233,3,6.650834
30,233,3,6.653417
30,233,3,6.655993
30,233,3,6.658562
30,233,3,6.661125
30,233,3,6.663681
30,233,3,6.666230
30,233,3,6.668773
30,233,3,6.671310
30,233,3,6.673840
30,233,3,6.676364
30,233,3,6.678881
30,233,3,6.681392
35,18,3,5.899897
35,18,3,5.905362
35,18,3,5.910797
35,18,3,5.916202
35,18,3,5.921578
35,18,3,5.926926
35,18,3,5.932245
35,18,3,5.937536
35,18,3,5.942799
35,18,3,5.948035
35,18,3,5.953243
34,54,3,6.602588
34,54,3,6.605298
34,54,3,6.608001
34,54,3,6.610696
34,54,3,6.613384
34,54,3,6.616065
34,54,3,6.618739
34,54,3,6.621406
34,54,3,6.624065
34,54,3,6.626718
34,54,3,6.629363
34,54,3,6.632002
34,54,3,6.634633
34,54,3,6.637258
14,234,3,5.111237
14,235,3,5.123217
14,235,3,5.135055
14,235,3,5.146755
14,235,3,5.158319
14,235,3,5.169752
14,235,3,5.181055
14,235,3,5.192233
14,235,3,5.203286
14,235,3,5.214219
14,235,3,5.225034
14,235,3,5.235733
14,235,3,5.246319
14,235,3,5.256794
14,235,3,5.267161
14,235,3,5.277421
14,235,3,5.287578
14,235,3,5.297632
1,23,3,5.381371
1,23,3,5.389932
1,23,3,5.398426
1,23,3,5.406854
1,23,3,5.415218
1,23,3,5.423518
1,23,3,5.431755
1,23,3,5.439931
1,23,3,5.448045
1,23,3,5.456099
1,23,3,5.464093
1,23,3,5.472030
1,23,3,5.479908
1,23,3,5.487729
1,23,3,5.495495
1,23,3,5.503205
1,23,3,5.510860
1,23,3,5.518461
1,23,3,5.526010
1,23,3,5.533506
1,23,3,5.540950
1,23,3,5.548343
1,23,3,5.555685
1,23,3,5.562978
1,23,3,5.570222
1,23,3,5.577417
1,23,3,5.584565
1,23,3,5.591665
14,236,3,5.307586
14,236,3,5.317442
14,236,3,5.327202
14,236,3,5.336867
14,236,3,5.346441
14,236,3,5.355923
14,236,3,5.365316
14,236,3,5.374623
14,236,3,5.383843
14,236,3,5.392979
14,236,3,5.402032
14,236,3,5.411005
14,236,3,5.419897
14,236,3,5.428711
